面粉,酵母,白糖,水,面粉
鸡蛋,面粉,葱花,盐,水
食用油,葱,老抽,生抽,白糖
面粉,酵母,牛奶
面粉（中筋）,水(冬温/夏冰),酵母,盐,白砂糖,色拉油
辣椒丝,牛肉,面条,青菜,番茄,大蒜,生姜,香叶,陈皮,八角,小茴香,桂皮,洋葱,香葱,冰糖,酱油,番茄酱,豆瓣酱
速冻饺子,油,面粉
面粉,水,细盐
细圆挂面,酱油,麻油（芝麻油/香油）,葱
挂面,小香葱（没有就用大葱凑合吧）,油,鲜酱油,白糖
西葫芦,鸡蛋,面粉,盐,香油,蒜末,醋
普通面粉,水,酵母粉,小苏打,食用油,盐
西红柿,鸡蛋,蒜末 我吃什么都喜欢加蒜末，不喜欢的别加,葱绿,盐
面粉,小葱,鸡蛋,水,油,盐,胡椒粉
面粉,水,酵母,白糖,熟紫薯,面粉,牛奶,酵母,白糖,水
普通面粉,牛奶,发酵粉,白糖
糯米粉,黄豆面,红豆沙
面粉,酵母粉,牛奶,椒盐粉,小葱,食用油
中筋面粉,红豆沙,水,干酵母
面粉,纯牛奶,酵母,泡打粉,细砂糖
面粉,酵母,白糖,水,面粉
鸡蛋,面粉,葱花,盐,水
食用油,葱,老抽,生抽,白糖
面粉,酵母,牛奶
中筋面粉,水,酵母,盐,白砂糖,色拉油
辣椒丝,牛肉,面条,青菜,番茄,大蒜,生姜,香叶,陈皮,八角,小茴香,桂皮,洋葱,香葱,冰糖,酱油,番茄酱,豆瓣酱
速冻饺子,油,面粉
面粉,水,细盐
细圆挂面,酱油,香油,葱
挂面,小香葱,油,鲜酱油,白糖
西葫芦,鸡蛋,面粉,盐,香油,蒜末,醋
普通面粉,水,酵母粉,小苏打,食用油,盐
西红柿,鸡蛋,蒜末 我吃什么都喜欢加蒜末，不喜欢的别加,葱绿,盐
面粉,小葱,鸡蛋,水,油,盐,胡椒粉
面粉,水,酵母,白糖,熟紫薯,面粉,牛奶,酵母,白糖,水
普通面粉,牛奶,发酵粉,白糖
糯米粉,黄豆面,红豆沙
面粉,酵母粉,牛奶,椒盐粉,小葱,食用油
中筋面粉,红豆沙,水,干酵母
面粉,纯牛奶,酵母,泡打粉,细砂糖
高筋面粉,自来水
中筋面粉,奶粉,酵母,南瓜泥,细砂糖
南瓜,水,盐,中筋面粉,糖,酵母
耐高糖酵母,低筋面粉,澄粉,白糖,水,泡打粉,盐,低筋面粉
特精小麦粉,水,牛奶,白糖,猪油,酵母,泡打粉
中筋面粉,酵母粉（红燕）,细砂糖,食盐,植物油（无特殊气味）,水,芝麻酱,香油（芝麻油）,食盐,中筋面粉,五香粉,糖浆（或蜂蜜）,老抽,水,熟白芝麻
面粉,鸡蛋,生粉（淀粉）,葱,火腿肠,盐
中筋面粉,纯牛奶,水,糖,盐,安琪即发酵母（耐高糖）
面粉,鸡蛋,牛奶,红枣,核桃,盐
白萝卜,面粉,鸡蛋,生姜,大葱,十三香,盐
中筋面粉,酵母粉（红燕）,细砂糖,食盐,植物油（无特殊气味）,水,中筋面粉,植物油（无特殊气味）,食盐,五香粉
面粉,芝麻粒,水,花椒粉,葱花,四川豆瓣酱,黄豆豆瓣酱,蒜蓉辣酱,孜然粉,芝麻粉,白糖,食用油,八角,花椒
红枣,面粉,鸡蛋,牛奶,核桃
面粉,酵母粉,白糖,牛奶或水
中筋面粉,水,干酵母粉,泡打粉（可用可不用）
中筋面粉,牛奶,酵母,白糖
普通面粉,水(不是水),盐,椒盐,植物油
挂面,香菜（也可葱花）,酱油（我用的厨邦）,陈醋（我用的陈世家）,辣椒油（最好带芝麻）,盐,鸡精（太太乐）,花椒粉,胡椒粉（黑白胡椒均可 一定要加）,时令青菜,香油（差点忘记了）
中筋面粉,水,酵母
面粉,黑芝麻,糖,自制椒盐,蛋清,普通面粉,猪油,糖,水,普通面粉,猪油,白芝麻,蛋黄
面粉,水,盐,酵母,小苏打,油
低筋面粉,高筋面粉,裹入用黄油,水,黄油,盐,糖
可可粉,面粉,白糖,牛奶,酵母,面粉,白糖,牛奶,酵母
面粉800克，菠菜一小把，胡萝卜一个半，西红柿两个，紫甘蓝四分之一个。水适量。
粘米粉,糯米粉,水,绵白糖/糖粉,豆沙馅
糯米,红豆沙,猪油,白砂糖,红枣,熟核桃,西瓜子仁,葡萄干,桂圆干,松仁
糯米,肉馅,面粉,木薯淀粉,香菇,胡萝卜,生姜,葱,料酒,白胡椒粉,白糖,盐,老抽
鲜面条（干）,带皮腿肉,豆角,姜,八角,老抽
生饺子,淀粉水
土豆,水,面粉,盐,孜然,咖喱粉
牛奶,普通面粉,白砂糖,酵母粉,盐
老南瓜,白糖,普通面粉,低筋粉,酵母,牛奶,红枣/蔓越莓
中筋面粉,葱花,盐,五香粉,植物油,水
猪肉皮,面粉,猪肉皮,水,盐,水,饺子皮,猪肉冻,猪肉,葱姜粉,盐,生抽,白糖,料酒,水
生黄豆,杂豆（红豆,芸豆,斑豆）,杂米（糙米,黑米,紫米）,坚果种籽（亚麻籽,黑白芝麻,核桃）,海盐,姜黄粉（选用）
低筋面粉,猪油,蜂蜜,水（牛奶）,酵母,手粉（低筋面粉）
普通或高筋面粉,食用盐,南瓜泥,蔬菜汁,紫薯粉,水
面粉,鸡蛋,韭菜,虾皮,黑芝麻,水
粘米粉,低筋粉,红糖,水,泡打粉,小苏打
龙须面或手工细面条,大葱或小葱,大蒜,红辣椒面或油泼辣子,陈醋,海鲜酱油或生抽,熟芝麻,菜籽油,盐,鸡精,青菜和香菜,生姜
饮品：,鸡蛋1个:,当季水果1-2个：,红枣1-3颗:,坚果：
饺子馅,饺子皮
蒜蓉酱,面粉,玉米面,鸡蛋,香菜,香葱,黑芝麻,甜面酱,油条
糯米粉,水,红糖,蜂蜜,熟花生碎末
普通面粉,水,酵母,精盐，花椒粉,白糖
粘米粉,酵母,糖,水
韭菜,面粉,鸡蛋,油,盐
面粉,白糖,牛奶,酵母粉,油,鸡蛋
肉末（猪牛都可以）,葱姜蒜,辣椒油,辣椒碎，小米泡椒1个，郫县辣酱半勺，,面条,鸡精,生抽老抽
饺子皮,糯米,干香菇,胡萝卜,香肠（也可以用酱肉 腊肉）,豌豆,咸蛋黄,花椒粉,生姜,盐,蚝油,老抽
富强粉,葱花,水,盐,植物油,葱,姜,大料,桂皮,面粉
面粉,香葱,盐,食用油
玉米面粉,普通面粉,黄豆豆渣,白砂糖,水
大蒜,蚝油,淀粉,生抽,粘米粉,澄粉,水380克,油,盐,肉馅,鸡蛋,葱花
面粉,酵母,糖,水
低筋面粉,全麦粉,无铝泡打粉,白砂糖,水,奶粉,酵母
糯米粉,红豆沙,80度热的水
面粉,干酵母,白糖,水,食用碱
面粉,水,酵母,糖,红豆,香肠
爱,耐心
饺子皮,葱花,油,盐
面粉,水,胡椒粉,葱,油,肉末,鸡蛋,盐
中筋面粉,细砂糖,猪油,水,中筋面粉,猪油,枣泥馅,食用红色素
粘米粉,粟米粉（玉米淀粉）,澄面（小麦淀粉）,水,鸡蛋,瘦肉,生菜,食用油,蒸鱼豉油
肥猪肉,猪肉馅,鸡蛋,色拉油,生抽,葱末,姜末,盐
鸡蛋,盐,杂蔬炒饭
干黄豆,水,内酯
胡萝卜汁,快速干酵母,糖,中筋面粉,油
南瓜,糯米粉,豆沙馅,白芝麻
普通面粉,水,冷水,色拉油,盐,糖,面粉,芝麻
云吞皮,干面粉,云吞陷料,水
面粉,牛奶,鸡蛋,黄油,白糖,酵母
滚水 60g,猪绞肉 适量,中粉 80g,水 100g,酵母 4g,中粉 200g,白砂糖 5g
半肥瘦猪肉,虾仁,葱,云吞皮,腌料,盐,生粉,胡椒粉,姜汁,麻油,生抽,糖
干米粉,瘦肉,葱,辣椒粉,猪油,盐,生抽,青辣椒,鸡精
玉米面（corn meal）,普通面粉,豆浆或牛奶,糖,酵母
花生豆,老汤,红薯粉,葱末,姜末,蒜泥,豌豆苗,香菜,炸菜丝,香芹末,酱油,醋,辣椒油,香油,猪油,黄豆,花椒粉,胡椒粉,味精,鸡精,盐,芝麻
低粉,白砂糖,水,黄油,低粉,内馅红豆,色拉油,白糖
全麦面粉,水,酵母
半熟的冷馄饨,葱花,黑芝麻
面粉,干酵母,白糖,牛奶,醪糟水
面粉,中等大小鸡蛋,盐
肉馅,虾,糯米,盐,葱,姜,生抽,料酒,白胡椒粉,香油
高粉,牛奶,全蛋液,淡奶油,糖,盐,酵母,黄油,巧克力（可可面团用）,可可粉（可可面团用）
面粉,葱,油,盐,水
广式馒头粉,水,白糖,酵母,可可粉,全脂奶粉
鸡蛋,糖粉,低筋面粉
面粉,发酵粉,白糖,鸡蛋,油,盐,小苏打,水
面粉1（中/低筋都可以）,酵母,牛奶,糖,玉米油,面粉2（中/低筋都可以）,酵母2,南瓜泥,糖2,玉米油2,可可粉,抹茶粉
面粉,酵母,牛奶
萝卜,面粉,葱,鸡蛋,盐,白胡椒粉
面粉,酵母,水,白糖,韭菜,鸡蛋,虾皮,精盐，食用油
耐高糖酵母,低筋面粉（或中筋）,红曲粉,细砂糖,水,色拉油（可不加）,蔓越莓干
长豇豆,细面,五花肉,干辣椒,葱,姜,酱油,盐
香蕉,牛奶,鸡蛋,面粉
烫面部份材料：,中筋面粉200克,盐2克,滾水100克,冷水20-30克左右,植物油20克,油酥部份材料：,低筋面粉45克,植物油30克,表面装饰：糖水,白芝麻适量
面粉,水,酵母,牛奶,燕麦,红枣（去核后）,白砂糖
面团,面粉,水,干酵母,泡打粉,虾仁猪肉馅儿,斑节虾仁,猪肉糜,盐,酱油,鸡精,葱末,姜汁,糖,猪蹄汤冻
饼皮：,玉米淀粉,细砂糖（糖粉）,鸡蛋,玉米油（黄油）,低筋面粉,内馅：,红豆馅,紫薯馅,芋头馅
面粉,酵母,泡打粉,牛奶,咸鸭蛋黄,白糖,牛奶,黄油
土豆,广东香肠,洋葱,鸡蛋,盐,胡椒粉,料酒
普通面粉（中筋面粉）,水,盐（可不放）,四季豆,五花肉,葱,蒜,冰糖,大料（八角）,生抽,老抽,料酒,盐
中筋面粉,牛奶,白糖,酵母粉,小苏打
猪肉馅,莲藕,糯米,糯米粉,姜末,盐,味精,料酒
底筋面粉,胡萝卜汁,奶粉,细砂糖,酵母
A高筋面粉,A水,A酵母,A白砂糖,B高筋面粉
蒜蓉酱,面粉,玉米面,油条,鸡蛋,香肠,芝麻,葱花,腐乳,辣酱,豆瓣酱
红豆沙馅,柿子,面粉
普通面粉,细砂糖,植物油,鸡蛋,核桃碎,泡打粉,小苏打
低筋面粉,酵母,细砂糖,泡打粉,椰浆,牛奶,植物油,粟粉（玉米淀粉）
速冻饺子,葱花,食用油,面粉
面粉,鸡蛋,水,冷水,葱花,盐,油
面粉,盐,鸡蛋,水,干淀粉
面粉,发酵粉,可可粉,水
牛排酱,培根,鸡蛋,黄油,盐,橄榄油,番茄
红糖或黑糖,红枣,枸杞,中筋面粉,核桃,水,酵母
梅干菜,猪肉,小米椒,香菇,普通面粉,葱花,麦芽糖,芝麻（黑白都可以）
吐司,鸡蛋,芝士,火腿
香料若干,牛肉,面,葱,姜,芹菜或香菜,豆瓣酱
中筋面粉（普通面粉）,奶粉15g,水,即发高活性酵母,白糖
中筋面粉,可可粉,泡打粉,小苏打粉,白糖,水（不能超过37度）,蛋糕模具或纸杯
速冻包子,香葱,水,西班牙橄榄油
中筋面粉,水（比体温略高点 ）,盐,鸡蛋(室温，推荐使用，更劲道，可省略）,亚麻籽粉（选用，增加营养和纤维）
粘米粉,香芋,虾干,瑶柱,腊肠,腊肉(可不放),香葱,香菜（可不放）,白芝麻,香油,生抽,蚝油,白糖,五香粉,胡椒粉,鸡粉(可不放),水(30度左右),大蒜,生粉
菠菜,面粉
低筋面粉,泡打粉,鸡蛋,白砂糖,盐,牛奶,色拉油
排骨,糯米,姜,老抽,生抽,料酒,蚝油,鸡精,盐
馄饨皮,猪肉,虾仁,鸡肉,葁蓉,葱末,生抽酱油,蚝油,香油/芝麻油,盐,干海带,海米
低筋面粉,泡打粉,盐,糖,植物油,牛奶or水or豆乳
面粉,纯牛奶（或水）,酵母,砂糖（可加可不加，我喜欢加）,盐（可加可不加）
面粉,酵母粉,水,红糖,水,面粉,酵母粉,水,黑巧克力
南瓜,紫薯,菠菜,西红柿,高劲面粉,白糖,盐
糯米,大米,盐或糖
普通面粉,牛奶,干酵母,坚果紫薯馅,绿豆
面粉,酵母,水,小葱,葱油,白糖,盐
面包渣,鸡胸肉,生菜,番茄,料酒,辣椒粉,胡椒面,淀粉,生抽,面粉,盐
面粉,水,紫甘蓝,盐
紫红薯,面粉,酵母,水
淀粉,大米,杂粮,果蔬,蛋,奶,坚果
细面条,猪油,盐,生抽,葱花
烫面团,猪肉馅,扁豆,胡萝卜,鸡蛋,香菇,葱,姜末,酱油,盐,料酒,胡椒粉,香油,白糖,食用油
西红柿,虾仁（新鲜/冷冻都行）,青菜（菠菜/小白菜/油菜）,橄榄油,小香葱,姜末,料酒,细挂面,粉盐/海盐/食盐,白胡椒粉,香菜,香油
水果蔬菜,五谷杂粮,各种蛋
大米,薏米,糯米,红花生米,黑米,红小豆,绿豆,莲子,红枣,桂圆
鸡胸肉,香菇,杏鲍菇,生姜,大葱,白胡椒粉,鸡蛋,蚝油,盐,白砂糖,香油,香菜,鸡精,盐,鸡蛋,紫菜,胡椒粉,馄饨皮,香油
猪肉糜,面粉,料酒,生抽,生姜粉,鸡蛋,盐,白糖
芋头,面粉,油,白糖
土豆,洋葱,大火腿,水,固体咖喱块,温热米饭,火腿肠,海苔
低筋面粉,水,糖,无铝泡打粉
广西酸笋，阳江豆豉,米粉,蒜米,米醋,辣酱,酱油,猪牛肉下水
熟油,面粉,猪肉馅,韭菜,盐,饺子馅调料,生抽,香油,料酒,水
胡萝卜,水,面粉,水,酵母,细砂糖
红豆,白糖（红糖）,水
手抓饼,各种酱 肉 蛋 菜
中筋面粉,细砂糖,猪油,全蛋液,水,中筋面粉,猪油,无盐黄油,叉烧肉,李锦记叉烧酱,刷面蛋黄,熟白芝麻
黑芝麻粉,猪油,细砂糖1,奶粉,低粉,水,酵母,细砂糖2
面粉,油,葱花,盐
中筋面粉,酵母,糖,牛奶,泡打粉,可可粉
面粉,水
面条,盐,生抽酱油,老抽酱油,醋,白糖,自制姜汁,蒜茸,花椒粉,香菜,辣椒油,花椒油,香油,蚝油,朝天椒,油炸花生碎
味精,猪肉末,香菇,生抽,老抽,生粉,糖,糯米饭,饺子皮
中筋面粉,牛奶紫甘蓝汁,干酵,奶粉,南瓜,牛奶,干酵母,糖,奶粉
猪肉,馄饨皮,虾米,紫菜,香菜
面粉,安琪酵母,白糖,水（稀释酵母粉）,水,胡萝卜（馅料）,木耳（馅料）,鸡蛋（馅料）
小汤圆,酒酿（甜酒）,鸡蛋,白糖,枸杞
面粉(中粉就行),盐,水
绿豆,白面,凉白开,五香粉,甜面酱,酱豆腐（南乳）,蒜蓉辣酱或油辣子,葱花,白芝麻,果子（馃箅儿）
牛肉,芹菜嫩芯,大米,葱花姜末,白胡椒粉,糖,酱油,盐,香油,速熟燕麦片
高筋面粉,低筋面粉,水,酵母,白糖
洋葱,姜,鸡蛋,料酒,生抽,海盐,油,芝麻香油,水,黑胡椒碎(现磨),中筋面粉(普通面粉),水
紫薯,南瓜,面粉,糖,酵母,水
特一粉,水,盐
面粉,五花肉,牛油,泡打粉,盐,鸡精,葱,姜,鸡蛋
泰国香米,腊肠,秋葵,小油菜,姜,鸡蛋,蚝油,生抽,糖,香油,凉白开,色拉油,盐
中筋面粉,牛奶,活性酵母,黄糖,红枣（去核）,核桃,葡萄干,炒熟的黑芝麻
中筋面粉,全麦面粉,水,盐,牛肉馅,青蒜,洋葱,料酒（我用的啤酒）,老抽,生抽,蚝油,黑胡椒,香油
玉米粉,糯米粉,小麦粉,糖(本方总粉量放20g糖甜度是似有若无的那种，如想能感觉到的浅甜就放25g糖),盐,酵母粉,水
面粉,鸡蛋,盐,小苏打,泡打粉,植物油,水
猪肉馅,香菇,生抽,糖,香油,盐,胡椒粉
市售饺子皮,熟芝麻,红枣,糖桂花,砂糖,麦芽糖,色拉油,水
皮冻,中粉,猪绞肉,水,油,盐,酱,糖,鸡精,葱花,生姜
中筋面粉,酵母,盐,油,牛奶
糯米粉,桂花红豆沙,花生仁,芝麻,面粉,香油,植物油,白糖
冷的熟粽子,油
红豆,水,干百合,干莲子（去芯）,干陈皮（精髓）,冰糖
面粉,鸡蛋,牛奶,酵母
中筋面粉,水,肉馅,白菜,白胡椒粉,姜粉,盐,蚝油,鸡汁,香油,料酒,生抽
土豆,秋葵,蒜,葱花,胡萝卜丁,耗油,生抽,老酒／料酒,陈醋,盐,鸡精,生粉,黑胡椒
牛肉（里脊肉，精瘦肉，不要有肥肉）,葱,八角,桂皮,姜,黄油,盐,酱油,糖,芝麻,五香粉
杂米杂豆（见贴士1）,生或熟核桃/花生,黑芝麻,快熟燕麦片（混一些黑麦片也可以）,奇亚籽（选用）
粘米粉,普通面粉,砂糖,糖桂花,酵母,水,无铝泡打粉（可选择）,干桂花
黄豆,生或熟的亚麻籽（金色,棕色皆可）,红茶,水
鸡蛋,茶叶,老抽酱油,生抽酱油,八角,桂皮,盐,香叶
面粉,南瓜,酵母,黑芝麻或黑米
猪肉馅,小葱,姜末,糯米,香菇,全能面粉,玉米淀粉,水,橄榄油,面要和得相对硬一些，所以水不宜过多，一点点地放
通用面粉,葱花,干酵母,泡打粉,水,盐,植物油,椒盐（可省）,白芝麻
耐高糖酵母,高粉,低粉,红糖,水,桂圆干
饺子皮,盐,生抽,竹笋,香菇,马蹄,粉丝
面粉,水,盐
普通面粉,水,酵母,白糖,红曲粉
南瓜泥,糯米粉,白糖
面粉200克,酵母粉2克,糖1大勺,盐1/4小勺,水120克,植物油1大勺,馅料：香葱1把，盐1/2小勺，胡椒粉1/4小勺，香麻油1大勺,表面：糖蜜水3大勺,白芝麻适量
糯米粉,粘米粉,澄粉,艾草粉,猪油或者玉米油,白糖,蛋黄20个,丘比沙拉酱1瓶,肉松1袋,油豆沙,水（80度）
主食,水果,各种饮品,坚果
五花肉,中筋面粉,香菜,葱,姜,冰糖,干酵母,泡打粉,料酒,生抽,老抽,八角,香叶,花椒,陈皮,桂皮适量,盐
龙利鱼,大西红柿,洋葱,料酒,白胡椒,姜,毛豆或豌豆或玉米粒,盐,甜菜叶或其他绿菜叶（推荐油菜,小白菜）,糖或甜菊糖,香油
面粉,酵母,35度左右水,芝麻酱,红糖,水
鸡蛋,面粉,水,盐,植物油,小葱
中筋面粉,酵母,盐,水,食用碱,💥糖油饼的糖面部分,红糖,面粉,玉米油,水
高粉,低粉,鸡蛋,牛奶,糖,盐,干酵母,黄油,白芝麻
中筋面粉,燕麦,牛奶,糖,盐,酵母
高筋面粉（普通面粉就可以）,酵母,鸡蛋,糖,水,盐,黄油,普通面粉,水,鸡蛋,酵母,盐,糖（可不放）,碱水(气温超过25度，常温发酵后，加入碱水去除酸味)
中筋面粉,细砂糖,猪油,水,中筋面粉,猪油,枣泥馅,全蛋液,黑芝麻
熟猪油,粘米粉,糯米粉,牛奶,热油条,芝麻糖粉（芝麻炒熟磨碎拌入糖粉）
爱,坚持
面粉,韭菜,鸡蛋,色拉油,盐
面粉,白糖,油,鸡蛋,水,小苏打,白芝麻
西葫芦,鸡蛋,普通面粉,盐,鸡精,玉米油
火腿,鸡蛋,土豆
糯米粉,红糖,白糖,植物油
菠菜,面粉,酵母,白糖
豆渣,中筋面粉/普通面粉,黑芝麻粉,牛奶,细砂糖,盐,干酵母,泡打粉
中筋面粉,白砂糖,花生油,全蛋液,核桃仁,泡打粉,小苏打,全蛋液（刷表面）,黑芝麻,烤箱中层180°
耐高糖酵母,面粉,纯牛奶,泡打粉,白糖,市售蜜红豆
冷饭,鸡蛋,水浸/油浸金枪鱼罐头,生抽/酱油,韩式辣椒酱,芝麻油,黑胡椒,大葱/小葱,蒜蓉,海苔丝（碎）(可无）,白芝麻（可无）
富强粉,肉馅儿,酵母,水,大葱,姜末,香油,甜面酱,盐,生抽,鸡精
水（天热40度以下 冷天40-45度）,面粉（低粉或者中粉）,植物油,盐,糖,无铝泡打粉,干酵母
粳米,猪肉,香菇,菠菜,胡萝卜,生姜,料酒
鸡蛋,红茶包,干香菇,八角,香叶,桂皮,冰糖,生抽,老抽,盐
制馍配料:,高筋面粉,食盐,食用小苏打,纯净水,猪油,卤肉配料:,猪腿肉,生姜,干辣椒,花椒,香叶,桂皮,八角,生抽,老抽,蚝油,鸡精,冰糖,白糖,花雕酒,食盐
雀巢全脂奶粉,小麦粉,鸡蛋（小）,牛奶,白糖,柠檬汁,酵母
碱面,五花肉,面粉,酵母,水,八角,桂皮,陈皮,白芷,茴香,冰糖,丁香,葱,姜,老抽,黄酒,酱油,盐,水
普通面粉,水,酵母,盐,食用碱,香葱,植物油
中筋面粉,水,干酵母,南瓜粉,红曲粉,白砂糖,橄榄油
小河虾,白萝卜,胡萝卜,面粉,小麦淀粉,荠菜,葱,水,盐,胡椒粉,葱油（或植物油）
土豆泥,低筋面粉,玉米淀粉,苏打粉,色拉油,黑胡椒粉,盐
新土豆,鸡蛋,腊肠,胡萝卜,圆白菜,盐,黑胡椒碎
黄豆,粗玉米渣,小米,芸豆,无盐黄油（草饲有机尤佳）,海盐
饺子,食用油,香葱
面粉,面条,酵母,盐，糖,牛奶
普通面粉（中种）,水（中种）,酵母（中种）,白糖（中种）,低粉（主面团）,纯牛奶（主面团）,白糖（主面团）,耐高糖酵母（主面团）,色拉油（主面团）
为爱所做的一切美食~
草莓,水果刀,绿叶菜,黑芝麻,黄瓜皮
黑米粉,低粉,水磨粉,牛奶,色拉油,糖,鸡蛋
面粉,水,酵母,猪肉馅,干木耳,洋葱,葱,姜,生抽酱油,香油,蚝油,甜酱
面粉,豆渣,酵母,牛奶,盐,糖
粘米粉,面粉,米酒汁（这个最好是自制的）,白糖,水
挂面,葱花,大蒜,蒜苗,熟白芝麻,西红柿,小西芹,海鲜酱油,陈醋,花椒粉,食用油,盐
澄粉,虾仁
中筋面粉,牛奶,白砂糖,玉米油,酵母,竹炭粉
低筋面糊,玉米油,牛奶,白砂糖,鸡蛋
小米 糯米,香菇,胡萝卜,青菜,海参,鸡汤,姜丝,盐
面粉,葱花,盐,五香粉,香油
甜菜根汁,南瓜泥或者胡萝卜泥,菠菜汁,蝶豆花泡水,紫薯泥,低筋面粉,牛奶,白糖,酵母
饺子粉,胡萝卜,菠菜,紫甘蓝,猪肉,虾仁,马蹄,冬笋,鸡蛋,料酒,生抽,香油,姜末,葱花,盐,胡椒粉,糖
大米,小米,青菜,瘦肉,盐,水
牛奶,玉米淀粉（栗粉,鹰栗粉）,糖,面粉（低粉）
韭菜,香干,澄面,木薯粉,滚水,油
面粉（中筋）,酵母,砂糖,水,猪肉或牛肉馅,洋葱,小葱,姜,蒜,酱油,料酒,老抽,生抽,红烧汁,盐,黑胡椒,花椒,食用油
普通面粉,水,酵母,糖,干腐竹,鲜香菇,大白菜,盐,生抽,糖,白胡椒粉,油
面粉,水,香油或花生油,盐,以上是最低配置,葱花,糖,花椒面，八角粉，五香粉或椒盐辣椒面等
面粉,水,面粉,水
猪肉糜,芹菜,馄饨皮,盐,生抽,料酒,蚝油,鸡蛋,姜末,水
鸡蛋,面粉,小葱,盐,水
面粉,葱花,水,花椒面
普通面粉,水,酵母,盐,五花肉,1生抽,2老抽,3耗油,4料酒,5糖,6盐,7五香粉,8白胡椒粉,孜然粒,白芝麻,油,郫县豆瓣酱
南瓜,水,牛奶,盐，淡奶油，南瓜籽仁
面粉,水,酵母,糖,可可粉
大米,燕麦,水,牛奶（甜牛奶较好）
嫩豆腐,鲜虾或虾仁,蟹味菇或白玉菇,熟咸蛋黄,淀粉,葱花,香菜,盐,白胡椒粉,香油,菜籽油
胡萝卜,面粉,芹菜,五花肉,水,盐,100ML,鸡蛋,蚝油,料酒,鸡精
易果澳洲牛腱心,花椒,食盐,葱,姜,丁香,肉豆蔻,砂仁,桂皮,大料,香叶,草果,生抽,老抽,料酒,啤酒,六必居干酱,冰糖,米醋,食盐
奶黄馅儿：,糖粉,吉士粉,奶粉,无盐黄油,熟咸蛋黄（解腻）,牛奶或淡奶油,面皮：,中筋面粉,泡打粉,砂糖,酵母粉,猪油
面粉,鸡蛋,香葱,鸡精,盐,油
菠菜汁,面粉,蛋清,盐
面粉,盐,紫薯糊
南瓜泥,面粉,猪肉馅,香菇,水,酱油,花椒粉,葱油
高筋面粉,水,酵母,白砂糖,黑芝麻,高筋面粉
糯米粉,蜜红豆,水,砂糖
速冻水饺,黑芝麻,葱花,油
面粉,豆腐干,葱 姜,油 盐,胡椒,胡萝卜
奉化芋头,水,虾米,凉水,干香菇,腊肠,培根,粘米粉,盐,胡椒粉
豌豆,猪龙骨,肉糜,姜,蒜,老抽,生抽,糖,盐,鸡粉,辣椒油,花椒粉,红油,豆瓣酱,麻油,猪油
用料1：,中筋面粉,南瓜泥,细砂糖,酵母,玉米油,用料2：,深黑可可粉
瘦肉,叉烧酱,生抽,老抽（生抽和老抽比例大概是1：1）,蒜头,姜末,白胡椒,蜂蜜,蚝油,白糖,玉米淀粉,麻油,胡椒粉,面粉,水,酵母,低筋面粉,糖,猪油,泡打粉
面皮材料：（2个量）,中筋面粉,冷水,肉馅材料：,猪绞肉,大葱,调味料：,盐,生抽,老抽,白胡椒粉,鸡精,料酒,姜葱水：,姜碎,香葱段,水
番茄,鸡蛋,面粉,香油,盐,食用碱（小苏打）,酱油,白糖
你喜欢的米煮粥,瘦肉糜,盐,黄酒,白胡椒粉,木耳,干香菇,胡萝卜,芹菜,绿叶蔬菜,姜,葱,盐
胡萝卜,水,盐,胡萝卜汁,面粉,盐
面粉,水（建议水冷却）,鸡蛋,食用油,盐,葱花
排骨,山药,香醋,胡椒粉,鸡精,枸杞,盐,葱花,生姜,料酒
面粉,火龙果汁,肉馅儿,玉米粒
面粉,肉松,油,白芝麻
五花牛肉,饺子皮,洋葱,盐,味精,酱油,胡椒粉,生粉
圆南瓜,糯米粉,澄面,白糖,黄油
糯米粉,澄粉,白糖,猪油,水,猪肉,马蹄或者笋,虾米,冬菇,韭黄,盐,生抽,味精,白糖,生粉,五香粉,胡椒粉,麻油
糯米粉,绵白糖,水（不烫手）,莲蓉馅,白芝麻
土豆,肉馅,大葱,面粉,油,盐,胡椒粉
五花肉,花饭豆,白糖,黄糖,白醋,猪油,糯米,生姜片,料酒
糯米,猪肉末,小葱,鸡汤,料酒,白胡椒粉,姜粉或姜末,糖,老抽,生抽,盐,面粉,水
大米，黄豆，水面，榨菜粒,油辣子海椒，味精，姜末,猪油，盐，花椒粉
油条,紫菜,榨菜,小葱,虾皮,镇江醋,六月鲜生抽,盐,辣油,黄豆
去壳整粒燕麦米,水,酒酿用酒曲丸（见步骤1）
五花肉馅儿（肥点的好）,酸菜,葱末,姜末,料酒,生抽,十三香,盐,鸡精,食用油
培根,米饭,油菜,熟黑芝麻,虾米
泡发好的淡干海参,黄小米,水,浓缩鸡汁,香葱,姜片,枸杞,盐，白胡椒粉，香油
糯米,木耳,香菇,瘦肉,豆干,胡萝卜
低粉,黄油,糖粉,蛋黄,黄油,鸡蛋,糖粉,椰蓉,椰浆
高筋面粉,细盐,鸡蛋,冷水,无盐黄油,猪油,葱花
面粉150克,盐2克,水300克左右,食用油10克,菠菜250克,香菇8朵,鸡蛋2个,豆干2块,盐1小勺,胡椒粉适量,蚝油1大勺,香油1大勺,（1大勺=15ml，1小勺=5ml）,调味仅供参考，酌情调整
低粉,鸡蛋,油,白糖
薄脆：,面粉,水,煎饼：,面粉,免煮燕麦片,水,甜面酱,酱豆腐(腐乳),辣酱,鸡蛋,葱花,黑芝麻
普通面粉,红心火龙果（汁）,青菜汁,盐
土豆丝,胡萝卜丝,鸡蛋,芝士,小葱
泰国大米,腊肠,腊肉,荷兰豆,菜心,姜,蚝油,香油,色拉油,白糖,盐,生抽,凉水
满满的爱心,坚持的恒心,新鲜的食材
胡萝卜汁,面粉,蛋清,盐
酵母,水,细玉米面,普通面粉,普通面粉,玉米油,红糖,红枣,葡萄干
,,
喜欢吃的各种,水果,中式主食,西式主食
土豆,胡萝卜,洋葱,腌肉,鸡蛋,胡椒粉
石螺或者田螺,江河小螺蛳,猪筒骨,鸡骨架,姜.八角.沙姜.花椒.桂皮.草果.砂仁,罗汉果，虾米，紫苏,桂林豆腐乳,干辣椒,干粉(粉丝，粉条，河粉等都可以）,水
白糯米,粽叶,大枣,豆沙,植物油
饼胚,中筋或低筋面粉,水,夹馅,芝麻酱,酱料,李锦记叉烧酱,海天黄豆酱,老干妈鸡油辣椒,水,装饰,熟白芝麻,葱花
胡萝卜,大葱,姜,十三香,盐,糖,生抽,陈醋,素油
普通面粉,牛奶（常温）,淡奶油（常温）,白糖,酵母
吐司,香蕉,牛奶,黄油,酸奶
面粉,水,纯牛奶,糖,盐,安琪油条膨松剂/酵母粉,玉米油
韭菜,饺子粉,鸡蛋,瘦肉,虾米,葱,色拉油,生抽,蚝油,盐,鸡粉,香油
面粉,柠檬,黄油,鸡蛋,牛奶,白糖,盐
香菜,鸡蛋,火腿肠,葱花,米饭,油,盐,生抽,白胡椒粉
虾仁,猪肉馅,馄饨皮,葱,姜粉,生抽,白胡椒粉,盐,香油,紫菜,味精,花椒粉
牛肉,油,洋葱,生抽,香油,蚝油,十三香,盐,烧卖皮
绿豆,中筋面粉,水,薄脆,鸡蛋,甜面酱,其他配料,生菜,葱花,香菜,勺子，刷子，铲子
马蹄,猪肉,玉米,蚝油,细砂糖,鸡蛋,小葱,盐,生抽,胡椒粉
中筋面粉,盐
玉米粒,火腿丁,面粉,洋葱（提味）,小葱花,盐,黑胡椒,鸡蛋,水
鸡蛋,酒酿,枸杞,白糖,淀粉,水
粘米粉,土豆淀粉(木薯，红薯）,猪油（或者色拉油）,水,竹簸箕（或者寿司帘子）,青红椒等（随意时蔬）,蚝油-生抽
蕃茄,葱,肉,胡萝卜,蛋,蝴蝶面
虾仁,竹笋,肥肉,盐,糖,白胡椒粉,芝麻油,淀粉
珍珠米,糯米,干贝,小鱿鱼干,胡椒粉,五花肉瘦肉,姜,盐,小葱
小芋头,藕粉,红糖,干桂花
糯米,猪肉糜,香菇,胡萝卜,黑木耳,中筋面粉,水,老抽,糖,蚝油,盐,食用油,胡椒粉
猪油,中筋面粉,低筋面粉,砂糖,麦芽糖或蜂蜜,白水,盐,猪油,低筋面粉,鸭蛋黄,猪肉松,沙拉酱
高筋面粉,菠菜,茴香,胡萝卜,红薯粉丝,葱,十三香,食用盐,食用油
用料1：,中筋面粉,牛奶,白砂糖,酵母,天然果蔬粉：,南瓜粉,竹炭粉,红曲粉
干黄豆,水疙瘩,干辣椒,油,生抽,葱姜十三香,糖
鸡蛋等
中筋面粉,玉米面粉,牛奶,酵母,泡打粉,白砂糖
油皮：,中筋面粉,豬油,细砂糖,水,油酥：,低筋面粉,豬油,餡：,紅豆馅,蛋黃,表面装饰：,蛋黃,黑芝麻
用心,各种食物
剩米饭,青菜,水,油,盐
a,油皮部分材料：,中筋面粉,细砂糖,猪油,水,b,油酥部分材料：,低筋面粉,猪油,绿豆馅
糯米粉：,澄粉：,细砂糖：,麦青粉：,水性红豆沙：,糯米粉：,澄粉：,细砂糖：,麦青粉：,肉松：,蛋黄：,黄油：
材料：,中筋面粉,牛奶,白砂糖,玉米油,酵母,材料：,芝麻粉,红曲粉,南瓜粉,黑可可粉
面粉,酵母,大枣,彩色面团请找我的菜谱《花样馒头记》
牛肉,黄油（常温软化）,面粉,大蒜,姜,葱,盐,生抽,料酒,白糖
紫薯,生燕麦（卡路里更低 饱腹感强）,牛奶
普通面粉,无铝泡打粉,油条膨松剂,小苏打（可不用）,盐,鸡蛋,食用油,水
鸡蛋,食用油,龙须面,调味料（盐,鸡精,生抽,醋,香油,辣子）,虾皮,青菜
湖南米粉,猪肉,生姜,青菜,高汤/水,生抽,油,盐
青红丝,大红枣,糯米,葡萄干,核桃仁,白糖
猪肉末,鸡爪,中筋面粉（小麦粉）,淀粉,葱,姜,料酒,生抽,糖,白胡椒粉,蚝油,食盐
面粉,鸡蛋,葱,植物油,盐,水
麦片,果糖/蜂蜜/糖浆,食用油/黄油
油皮,中筋面粉,水,葱油,泡打粉,糖 15g,油酥,低筋面粉,葱油,糖,表面,芝麻,糖浆（或水）
馄饨皮,猪肉,冬菇,冬笋,马蹄
鸡蛋,午餐肉,西兰花,胡萝卜,盐,油
面粉,水,干酵母/鲜酵母,盐,油,葱,盐
钢切燕麦粒,水（室温）,钢切燕麦粒,酵头,水或牛奶或杏仁奶,甜味剂（红糖,枫糖,蜂蜜,黑糖等）,盐,即食燕麦片,酵头,水或牛奶或杏仁奶,甜味剂（红糖,枫糖,蜂蜜,黑糖等）
秋葵,生抽,醋,蚝油,香油,糖,蒜,盐,绿芥末膏不用也行
瘦肉片（培根片）,土豆条,玉米淀粉,食用油,姜末,蒜蓉,花椒,番茄酱,白糖,生抽,香醋
市售饺子皮,猪前夹肉,水发香菇,榨菜,葱,鸡蛋,生粉,姜,大蒜,老抽,盐,蚝油,鸡精,胡椒粉,油,水,熟黑芝麻
普通中筋面粉,水,白砂糖,盐,玉米油,猪前胛肉,芝麻,盐,花椒面,葱姜,料酒,香油,酱油,份量
中筋面粉,水,糖,油,盐,酵母
鱿鱼干,猪瘦肉,蘑菇干,葱,姜,耗油,酱油,生粉,鸡精,大米,蒜蓉酥
全麦面,黑麦面,小麦胚芽,酵母,牛奶
面粉+生粉,水,泡打粉,白萝卜,虾皮,葱花,肥膘/较肥的培根,麻油,盐（面糊1克,萝卜丝2克）,油墩子专用勺
枣泥（菜谱中有介绍做法）,漳州龙眼干（龙眼肉）,红糖,底筋/中筋面粉,无铝泡打粉,小苏打,色拉油,鸡蛋（全蛋）
火腿肠,鸡蛋,面粉,葱花,盐
剩米饭,鸡蛋,黄瓜,胡萝卜,洋葱,虾仁,油菜心,葱,盐,其它食材（豌豆,玉米,香菇,香肠,芦笋等）
用料1：,中筋面粉,牛奶,玉米油,白砂糖,酵母,用料2：,竹炭粉,红曲粉
酵母,面粉,糖,水,黑豆（黑米，芝麻均可）
分类
牛肉,手抓饼饼皮,鸡蛋,蒜末,黑椒粉,蚝油,盐,食用油,淀粉
鸡蛋,隔夜米饭,小葱,酱油,盐
用料1：,中筋面粉,牛奶,细砂糖,玉米油,酵母,用料2：,红曲粉,竹炭粉
酸奶,汤圆,水果,草莓，蓝莓，芒果，火龙果，猕猴桃等,granola麦片
面粉,鸡蛋,盐,菠菜泥（火龙果泥,胡萝卜泥,紫甘蓝菜泥等）
牛腩,八角,白胡椒,陈皮,姜,蒜,葱花,盐,糖,蚝油,植物油
高筋面粉,水,高筋面粉,盐,糖,酵母,鸡蛋2个,水,黄油
南瓜面团材料,中筋面粉,南瓜泥,细白砂糖,玉米油,酵母,白色面团材料,中筋面粉,牛奶,细白砂糖,玉米油,酵母,可可粉
粘米粉,糯米粉,白糖,水
普通中筋面粉,酵母,水,盐,食用油（炸油饼用）
面粉,牛奶,酵母,红糖,红枣,葡萄干,核桃,烧熟黑芝麻
中粉（面团）,滚水（面团）,冷水（面团）,中粉（糖酥馅）,色拉油（糖酥馅）,砂糖（糖酥馅）,蛋液（配料）,生的白芝麻（配料）
紫薯馅,面粉,水,酵母,白糖
香蕉,饺子皮
南瓜泥,低粉,水,酵母,红豆沙
面粉,肉,十三香,辣椒粉,盐
藕,高筋面粉,藕汁,酵母,白砂糖,猪肉,藕丝,鸡蛋,水,葱,姜末,盐,生抽,料酒,白糖
面粉（中筋或高筋）,酵母,盐,水,植物油,葱花,小苏打（可不加）,肉松,火腿,白芝麻
牛腱1大块,【卤料包】：八角,桂皮,草果,甘草,山楂,香叶,干红椒,小茴香,肉蔻各适量,【调味料】：葱姜,料酒,酱油,冰糖,盐各适量,面粉150克,盐1/8小勺,沸水90克,冷水20克左右（根据面团吸水性酌量添加）,卤牛肉,甜面酱,大葱葱白各适量
普通面粉,鸡蛋,水,盐
水磨糯米粉,水（现烧的滚烫的水噢）,黑芝麻,熟花生（可以不放）,糖粉,猪油,黄油
中筋面粉,水,酵母,泡打粉,白糖,红糖
水,白砂糖,酵母,低筋面粉,油
鸡蛋,油,鸡蛋,盐汤,水
大米或者糯米，米制品,鸡蛋及各种搭配
材料：（只能做3个）,低筋面粉,45度水,葱花,猪油,盐
面粉,胡萝卜汁,酵母,水,糖（酌情增减，本人喜甜）
面粉,盐,油,水,凉水
农家面粉,水,细砂糖,耐高糖酵母,紫薯馅,可可粉
红薯,糯米粉,白砂糖,水
面粉（金龙鱼高筋麦芯粉）,牛奶,酵母,自制豆沙（内馅）,黑可可粉（调色用）,红曲粉（调色用）
普通面粉,一点大油（猪油）,酵母,以上为水皮面用料,普通面粉,大油（猪油）,以上为油酥面,另外备：芝麻,五香面,盐
剩米饭,盐,油
用料1：,中筋面粉,牛奶,细砂糖,酵母,玉米油,用料2：,熟芝麻粉,黑可可粉,红曲粉
面粉,鸡蛋,韭菜,水,盐,芝麻油,生抽
时间,闲心
大核桃仁,糙米（或大米,江米,燕麦米）,黑芝麻,即食燕麦片,冰糖（可省）,水
土司面包片,黄油,粗砂糖,炼乳
大馄饨皮（市售）,猪肉糜,白萝卜或者红萝卜,小葱,姜末,油,生抽,老抽,料酒或黄酒,胡椒粉,盐
中筋面粉,酵母粉,水,大枣
面粉,牛奶／水,酵母
梅干菜,盐,黑胡椒粉,全麦粉,沸水
鸡蛋,红枣,红糖,白胡椒粉
自制酱肉,带皮五花肉,干香菇,干木耳,姜,八角,生抽和老抽,料酒,葱段,桂皮,干辣椒,盐,冰糖,面团,普通面粉,酵母,水
面粉,酵母水（50克水+2克酵母）,白砂糖（可不放）,盐,水,红豆馅,红丝绒溶液（其它食用色素也可以）,水
面粉,豆沙,水,油,盐,白糖,酵母
糯米粉,粘米粉,水,冷水,熟猪油,糖桂花,黑芝麻粉,棉白糖
鸡蛋,面粉,胡萝卜,香葱,水,盐,油
面粉,可可粉,水,酵母,白糖
面粉200克,酵母粉2克,糖10克,盐2克,水120克,植物油10克,植物油1大勺,盐1/4小勺,孜然粉1小勺,香菜适量,糖蜜水,白芝麻适量
豇豆,多力葵花籽油,鲜肉（肥瘦3：7）,生抽,葱姜水（葱姜末也可以）,盐,老抽（可不放）,面粉,水,酵母
糯米,大米,油条,榨菜,素肠
熟南瓜（见贴士1）,钢切燕麦,白糯米,椰奶/全脂牛奶/水,海盐,椰子油/黄油
豆子，米等等,牛奶，水等等
米饭,土豆,鸡蛋,面粉,葱花,盐,胡椒粉
中筋面粉,酵母粉（低糖型）,水,细砂糖,食盐,橄榄油,新鲜迷迭香或干迷迭香,粗粒海盐
沾米粉,澄面,玉米淀粉,水,食用油
中筋面粉,糖,酵母,玉米油,牛奶,南瓜粉,红曲粉,竹炭粉
鸡蛋,紫薯,紫薯粒,牛奶,玉米油,低筋面粉,细砂糖
普通面粉,水,糖,油,酵母,芝麻
用料1：,中筋面粉,牛奶,白砂糖,酵母,玉米油,天然果蔬粉：,竹炭粉,红曲粉
普通面粉,水,盐,牛肉,盐,孜然,酱油,糖,五香粉,切碎的卷心菜,切碎的小葱,大蒜,白胡椒粉,芝麻油
中筋面粉,白糖,酵母,牛奶
糯米粉,豆沙
北豆腐,虾酱,油,料酒,大葱,姜,蒜,糖,盐,十三香
猪肉,馄饨皮,大葱,姜,生抽,盐,五香粉,紫菜,小葱
用料1：,中筋面粉,牛奶,白砂糖,酵母,玉米油,天然果蔬粉：,红曲粉,竹炭粉,蝶豆花粉,西红柿粉
中筋面粉,酵母粉（必须红燕，不要金燕）,细砂糖,食盐,食用油,水（凉）,黑米粉
紫薯,低粉,牛奶,糖,酵母
高筋面粉,鸡蛋,盐,水,玉米淀粉
金针菇,鸡蛋,淀粉,盐,料酒
面粉,酵母,水,鲜肉馅（肥瘦3：7）,盐,葱姜水（或适量葱姜末）,老抽,生抽,葱段（大葱心里绿的部分）可不放
葡萄干,凉水,原味酸奶,凉水,白砂糖,白砂糖,葡萄干酵母种,高筋面粉,速效酸奶酵母种
花生米,芹菜,大小葱,姜,蒜,盐,鸡精,老抽,生抽,香油,大料,五香粉或十三香,辣椒油,熟芝麻,糖,醋,香菜
中粉,牛奶,玉米油,高活性干酵母,细砂糖,可可粉/竹炭粉
咸蛋,南瓜,大米,小米