香蕉,鸡蛋,低粉,泡打粉,玉米油,牛奶,白砂糖,蔓越莓干
黄瓜,鸡蛋,火腿午餐肉,芝士片,三文治全麦方包
低粉,砂糖,泡打粉,牛奶,鸡蛋（室温）,黄油
高筋面粉,全麦面粉,牛奶,全蛋液,淡奶油,糖,盐,酵母,黄油,黄油,糖粉（舒可曼）,全蛋液,盐,奶粉,蔓越莓干（舒可曼）
土司,鸡蛋,盐,黑胡椒碎
生燕麦片 (裸麦片),牛奶 / 杏仁奶,酸奶,奇亚籽 (chia seeds),葡萄干或其他干果,压碎的各类坚果,中式一点可以加切碎的红枣枸杞黑芝麻,切片熟香蕉 (或一半压成泥),各种水果泥,蜂蜜或枫糖浆,肉桂粉,香草精,蛋白粉,新鲜切块水果,Granola格兰诺拉麦片,各种蔬菜水果脆片,各种水果泥,花生酱,巧克力酱……
老面酵头材料,高筋面粉（舒可曼）,低筋面粉（舒可曼）,糖,酵母,酸奶,牛奶,主面团材料,高筋面粉（舒可曼）,低筋面粉（舒可曼）,糖,盐,奶粉,全蛋液,酸奶,黄油,刷表面黄油
鸡蛋,低脂牛奶,黄油,盐,黑胡椒粉
鸡蛋,牛奶,糖,盐,油
白吐司,咸火腿,芝士,鸡蛋,牛奶,橄榄油
鸡蛋,香肠,盐。胡椒,水,牙签
鸡蛋,水,盐
鸡蛋,普通面粉,牛奶（我用的瓶装子母奶）,糖,盐
鸡蛋,芝士,火腿片,葱
欧包切片,软质乳酪,腌制肉类,香草或色拉菜,坚果碎
燕麦,牛奶,鸡蛋,以上是基本底料,香蕉（其他水果）,肉桂粉,椰蓉,亚麻籽粉,盐,各种坚果，果干
鸡蛋,蛋糕纸杯,香肠,葱花,芝士,酱油,有啥问题拉到最底下看贴士
香蕉,鸡蛋,面粉,白砂糖,牛奶,朗姆酒,盐
面包,鸡蛋,火腿肠,奶酪
牛奶(牌子随意,但是推荐口味浓的,面粉,鸡蛋,无盐黄油(成块的那种,不是那种口味奶酪,糖,盐
香蕉,鸡蛋,低粉,泡打粉,玉米油,牛奶,白砂糖,蔓越莓干
黄瓜,鸡蛋,火腿午餐肉,芝士片,三文治全麦方包
低粉,砂糖,泡打粉,牛奶,鸡蛋（室温）,黄油
高筋面粉,全麦面粉,牛奶,全蛋液,淡奶油,糖,盐,酵母,黄油,黄油,糖粉（舒可曼）,全蛋液,盐,奶粉,蔓越莓干（舒可曼）
土司,鸡蛋,盐,黑胡椒碎
生燕麦片 (裸麦片),牛奶 / 杏仁奶,酸奶,奇亚籽 (chia seeds),葡萄干或其他干果,压碎的各类坚果,中式一点可以加切碎的红枣枸杞黑芝麻,切片熟香蕉 (或一半压成泥),各种水果泥,蜂蜜或枫糖浆,肉桂粉,香草精,蛋白粉,新鲜切块水果,Granola格兰诺拉麦片,各种蔬菜水果脆片,各种水果泥,花生酱,巧克力酱……
老面酵头材料,高筋面粉（舒可曼）,低筋面粉（舒可曼）,糖,酵母,酸奶,牛奶,主面团材料,高筋面粉（舒可曼）,低筋面粉（舒可曼）,糖,盐,奶粉,全蛋液,酸奶,黄油,刷表面黄油
鸡蛋,低脂牛奶,黄油,盐,黑胡椒粉
鸡蛋,牛奶,糖,盐,油
白吐司,咸火腿,芝士,鸡蛋,牛奶,橄榄油
鸡蛋,香肠,盐。胡椒,水,牙签
鸡蛋,水,盐
鸡蛋,普通面粉,牛奶,糖,盐
鸡蛋,芝士,火腿片,葱
燕麦,牛奶,鸡蛋,以上是基本底料,香蕉,肉桂粉,椰蓉,亚麻籽粉,盐,果干
鸡蛋,蛋糕纸杯,香肠,葱花,芝士,酱油,有啥问题拉到最底下看贴士
香蕉,鸡蛋,面粉,白砂糖,牛奶,朗姆酒,盐
面包,鸡蛋,火腿肠,奶酪
牛奶(牌子随意,但是推荐口味浓的,面粉,鸡蛋,无盐黄油,糖,盐
吐司片,芝士片,火腿,鸡蛋,牛奶
海苔粉,低筋面粉,木鱼花,大阪烧,培根,okonomi酱汁,圆白菜,鸡蛋,日式土方蛋黄酱[喂],日式土方蛋黄酱,小葱,香葱,水（有高汤最好）50g,精盐,虾
红茶叶,牛奶,水,蜂蜜
吐司,火腿,芝士片
牛油果,意面,全脂牛奶,芝士碎,火腿片（或火腿肠一根）,黄油（或橄榄油）,盐和胡椒,大蒜
全麦吐司,蔬菜丁,奶酪丝,番茄酱,蘑菇,金枪鱼罐头
红豆,薏仁,冰糖
鸡蛋,牛奶,黑胡椒
蛋黄沙拉酱,切片面包,鸡蛋,黑胡椒,盐
面粉,香蕉,牛奶,鸡蛋,白糖
面包片,奶酪,培根,圆生菜,蒜,沙拉酱,糖
青椒或红椒,洋葱,蘑菇,奶酪（羊奶酪，切达或你家里有的各种奶酪）,菠菜,培根,鸡蛋,橄榄油,盐和黑胡椒,帕玛森芝士磨粉
鸡蛋,土豆,洋葱,黑胡椒粉,盐
水,鸡蛋,各种配鸡蛋吃的酱。
酸奶,各种水果
面团材料,高筋粉,全蛋液,酵母,牛奶,细砂糖,黄油,盐,奶粉,奶黄馅材料,鸡蛋,细砂糖,普通面粉/（中粉）,牛奶,黄油,奶粉
高筋面粉,牛奶（冷藏）,酸奶（冷藏）,炼乳,全蛋液,糖,酵母,盐,黄油,杏仁片（表面装饰）
练练练,喝到吐,暴力拉花不可取，喝不完倒水槽
金像高粉,酵母,液体,盐,糖,黄油,红曲粉
切片吐司,鸡蛋,沙拉酱,盐,胡椒
吐司,生菜,番茄,黄瓜,火腿片,奶酪片,千岛酱
低筋面粉（舒可曼）,全蛋液,细砂糖（舒可曼）,盐,泡打粉,黄油,蔓越莓（舒可曼）,朗姆酒（舒可曼）
虾仁,芦笋,洋葱,牛奶,鸡蛋,盐,黑胡椒粉,白芝麻,辣椒粉
中筋粉,融化黄油,鸡蛋,牛奶,即发酵母,白砂糖,盐
藜麦（一人食）,一种主打低脂肉类（鸡胸肉,大虾,蟹肉,吞拿鱼肉,烟熏三文鱼,带子等）,一种主打菜,1,2种配菜,1,2种坚果,一种果干,奶酪,调料（柠檬汁,白葡萄酒醋,黑醋,橄榄油,低卡沙拉酱,巧克力酱等）
高筋面粉,牛奶,酵母,鸡蛋,糖,盐,黄油,蓝风车淡奶油,糖粉,椰蓉
饮品：,鸡蛋1个:,当季水果1-2个：,红枣1-3颗:,坚果：
吐司,鸡蛋,牛奶,淡奶油,白砂糖,萄葡干
高筋面粉,牛奶,酸奶,淡奶油,全蛋液,盐,糖,酵母,黄油,奶酪,蔓越莓,糖粉,椰蓉
高筋面粉,水,酵母,高筋面粉,奶粉,南瓜泥,水,蛋液,盐,淡奶油,细砂糖,耐高糖酵母,黄油
鸡蛋,凤梨,蓝莓,盐,黑胡椒,辣椒仔
高筋面粉,牛奶,淡奶油,全蛋液,酵母,糖,盐,黄油,黄油,全蛋液,糖,椰蓉,蔓越莓干
英式玛芬（English Muffin）,荷兰酱（Hollandaise Sauce）,菠菜叶,培根,鸡蛋,盐,白醋,黄油
鸡蛋,芝士,盐
全麦土司片,金枪鱼罐头,甜玉米粒,黄瓜,胡萝卜,沙拉酱,三明治制作器
巧克力碎,普通面粉,玉米淀粉,无糖可可粉,糖,牛奶,鸡蛋,融化黄油或无味植物油
红薯,全脂牛奶,无盐黄油或椰子油（融化的）,香草精,海盐,大号鸡蛋（室温,冷藏都可以）,即食燕麦片（old-fashioned rolled oats）,生碧根果（pecan）,杏仁粉,蜂蜜或枫糖浆,椰子油,无盐黄油,海盐（粗一些更好）,肉桂粉
面包片,芝士片,火腿片,黄瓜,蓝莓
生南瓜籽,生葵花籽,生白芝麻或生亚麻籽或二者混合,快熟燕麦片（old-fashioned rolled oats）,生杏仁，切大块,生山核桃,无糖椰片（unsweetened coconut flakes）,肉桂粉,枫糖浆或蜂蜜或糙米糖浆,海盐,椰子油,香草精,杏干，切小块,葡萄干,樱桃干或其他果干，如菠萝干,芒果干等
吐司,番茄,黄豆,培根,鸡蛋,洋葱,牛奶,茶叶,番茄酱,盐,黄油,胡椒粉
鸡蛋,吐司,盐,沙拉酱,黑胡椒
中筋面粉,全麦面粉,小苏打粉,盐,酪奶（buttermilk）或椰奶,豆奶（贴士1有制作方法）,葡萄干（选用）
面粉,鸡蛋,牛奶,泡打粉,色拉油,烹调油,关于计量单位
爱,耐心
中筋面粉,无糖可可粉（自然的或碱化可可粉都行）,小苏打粉,盐,鸡蛋（室温）,白砂糖,香草精,杏仁精,烤过的杏仁颗粒（大一点的颗粒）,苦甜巧克力豆,粗糖粒（sugar in the raw或其他粗颗粒的糖）
鸡蛋,奶酪（细丝或碎粒）,培根,番茄,青椒,芫荽或欧芹
天然酵种,活跃酵种,高筋面粉,全麦面粉,水,主面团,高筋面粉,全麦面粉,水,细海盐,酵母粉,核桃（切成一半的或块状）,天然酵种
＃红豆沙,红豆,红糖,水,＃饼皮,低筋面粉,牛奶,植物油,蜂蜜,白砂糖,食盐,泡打粉,鸡蛋
鸡蛋,细砂糖,牛奶,低筋面粉,玉米淀粉,泡打粉,融化的黄油
黄油,蔓越莓碎,细砂糖,蛋黄,低筋面粉
old-fashioned oats,枸杞,葡萄干,鲜牛奶,无糖纯酸奶,红糖或蜂蜜,新鲜水果
低粉,泡打粉,砂糖,盐,牛奶,香草油,鸡蛋,黄油,色拉油
白吐司,果酱,鸡蛋,鲜奶
切厚片的面包,天然香草精,鸡蛋,牛奶,鲜奶油,无盐黄油,香蕉,红糖,杏仁片,糖浆
高筋面粉,牛奶,酸奶,奶油奶酪,全蛋液,糖,盐,酵母,黄油,蛋液，芝麻（表面装饰）
可可粉,白砂糖,植物油,大号鸡蛋（室温）,香草精,中筋面粉,泡打粉,盐,糖粉
面包片,鸡蛋,芝士片,橄榄油,盐
极细玉米面（见贴士1）,全麦粉（见贴士2）,橙皮屑,无铝泡打粉,小苏打粉,细海盐,熟透的皮带黑点的香蕉,大号鸡蛋（室温）,酸奶或开菲尔酸奶或酪奶（室温）,现榨橙汁,香草精,蔓越莓干
烤过的核桃,肉桂粉,红糖,枫糖浆或蜂蜜,熟南瓜泥（见贴士1）,全麦粉或发芽谷物粉或spelt flour,无铝泡打粉,椰子油或特级初榨橄榄油（室温）,枫糖浆或蜂蜜,杏仁奶或豆浆或牛奶（室温）,细海盐或喜马拉雅粉盐,香草精,大号鸡蛋（室温）
熟透的香蕉,大号鸡蛋（室温）,椰花糖或红糖或黑糖,香草精,融化的椰子油或其他油,酸奶或开菲尔酸奶或酪奶（室温）,全麦粉或kamut粉或斯佩尔特粉,小苏打粉,无铝泡打粉,海盐,熟荔浦芋头或其他芋头,炼奶（condensed milk）,椰子油（融化的）,熟红小豆,红糖
无糖可可粉（见贴士1）,浓咖啡粉Espresso Powder（见贴士2）,全麦粉,小苏打粉,无铝泡打粉,肉桂粉,细海盐,熟透的皮带黑点的香蕉,大号鸡蛋（室温）,酸奶或开菲尔酸奶或酪奶（室温）,香草精,全脂牛奶（室温）,苦甜巧克力（豆）（见贴士3）,无盐黄油（室温软化或融化的都可以）,花生酱或其他坚果酱,红糖,燕麦粉或中筋面粉（见贴士4）,肉桂粉
新鲜菠菜,新鲜罗勒,新鲜切碎的莳萝,烟熏三文鱼,蛋黄,蛋白,奶油奶酪,半个柠檬榨汁，半个柠檬皮屑,盐和黑胡椒
高粉,牛奶,全蛋液,淡奶油,糖,盐,酵母,黄油,巧克力（可可面团用）,可可粉（可可面团用）
鸡蛋,低筋面粉,玉米淀粉,细纱糖,无盐黄油,牛奶,泡打粉,香草精,盐,装饰水果,枫糖,淡奶油
高筋面粉,蜂蜜,盐,干酵母粉,水,市售葡萄果汁,黃油,核桃碎,蔓越莓碎
水果,蔬菜,粗粮,爱心
大号鸡蛋,嫩菠菜,口蘑,菲达奶酪（feta cheese）或营养酵母粉,洋葱,蒜片,椰子油,姜黄粉（turmeric）,欧芹,迷迭香或百里香或牛至草
紫皮洋葱,土豆,鸡蛋,橄榄油,蒜,干欧芹叶(parsley)
鸡蛋,牛奶,盐,黑胡椒
全麦粉,即食燕麦片,无铝泡打粉,小苏打粉,细海盐,熟透的皮带黑点的香蕉,大号鸡蛋（室温）,无糖花生酱或杏仁酱或芝麻酱,香草精,无糖花生酱或杏仁酱或芝麻酱,草莓果酱
吐司片,以下材料可任意搭配,果酱,芝士片,火腿片
面粉,牛奶,鸡蛋,黄油,草莓,蓝莓,糖,柠檬,蜂蜜
高筋面粉,南瓜泥,淡奶油,鸡蛋液,糖,盐,酵母,黄油,表面蛋液,表面装饰,28*28烤盘
鸡蛋,芦笋,芝士粉（我木有 很遗憾木有得加）,盐,白胡椒粉,橄榄油（也木有 用了色拉油）
全麦面包片,鸡蛋,火腿片,甜辣酱,黄芥末酱,黑胡椒粉,生菜
土鸡蛋,低筋面粉,牛奶,玉米油,绵白糖,柠檬
鸡蛋,牛奶,培根 或者 火腿片,芝士片（最好swiss cheese）,橄榄油
亚麻籽浸泡液,整粒生亚麻籽,水,主面团,活跃天然酵种（6-8小时前喂过的，高粉，100%水粉比）,水,高筋面粉,盐,亚麻籽浸泡液,高筋面粉
水浸金枪鱼,酸奶或开菲尔酸奶,红洋葱,白醋或柠檬汁,酸豆或酸黄瓜碎,莳萝（dill）,第戎黄芥末酱（dijon mustard）,盐和黑胡椒,天贝（选用）,欧芹（选用）,水煮鸡蛋（溏心蛋尤佳）,芹菜,牛油果（加上会更creamy）
全脂牛奶,酵母粉,草饲无盐黄油（融化的）,蜂蜜或枫糖浆或黑糖蜜,大号鸡蛋（室温）,未漂白中筋面粉或高筋面粉,全麦面粉,细的海盐
土豆,芦笋,红萝卜,黄瓜,培根,土司片,黄油,黑胡椒粉
鸡蛋,白醋,芦笋,黑麦饼干,葡萄干,盐,现磨黑胡椒
土司,鸡蛋,牛奶,糖,黄油
切片面包,芝士片,火腿片,牛奶,鸡蛋
蛋奶油,牛奶,低粉,蛋黄,黄油,草莓,糖,盐,蛋白,柠檬汁,草莓酱
高筋粉,酵母,细砂糖,盐,鸡蛋,牛奶,黄油,装饰用,芝麻,全蛋液
紫薯,面粉,牛奶,鸡蛋,盐,白糖,泡打粉
面粉,盐,糖,蛋黄,酵母水,水,鸡腿肉丁,基围虾丁,洋葱,青椒,胡萝卜,蘑菇,番茄酱,奶酪片
香蕉,低筋面粉,鸡蛋,牛奶,蜂蜜
吐司,黄油,玉桂粉,细砂糖,鸡蛋,牛奶,香草精,枫糖浆,糖粉,水果，坚果
牛油果,白煮蛋,切片吐司,柠檬汁,盐,蛋黄酱,胡椒
低筋面粉,泡打粉,细砂糖,盐,鸡蛋,牛奶,黄油
肉肠,圆蘑菇,培根,蕃茄,茄汁豆子,鸡蛋,吐司,食用油
活跃的酵种,50/50面粉（见介绍）,水,水,酵头,高粉,全麦粉,盐
淡奶油,鸡蛋,牛奶,高粉,酵母,糖,黄油,盐,鸡蛋,黄油,糖粉,奶粉,椰蓉
吐司,生菜,鸡蛋,西红柿,沙拉酱,盐,午餐肉
亚麻籽粉,即食燕麦片（rolled oats）,奇亚籽（chia seeds）,生南瓜籽或生葵花籽,海盐,无铝泡打粉,肉桂粉,大号鸡蛋（室温）,全脂牛奶（室温）,蜂蜜或黑糖蜜,香草精,熟透的中等大小香蕉
牛油果,益力多
全麦面粉,燕麦片（old-fashioned oats）,肉桂粉,小苏打粉,无铝泡打粉,细海盐,大号鸡蛋（室温）,蜂蜜,无糖酸奶（室温）,无糖苹果泥,樱桃,生或烤过的杏仁
奶酪片,番茄,生菜,沙拉酱,培根（长条形）,土司
面团,高筋面粉,低筋面粉,细砂糖,酵母,蛋,水,淡奶油,黄油,盐,内陷,有盐黄油,表面装饰,片状海盐,表面蛋液
中筋面粉,苏打粉,葱,无盐黄油,牛奶,芝麻,盐
细玉米面（见贴士1）,全麦粉或中粉,无铝泡打粉,小苏打粉,细海盐或喜马拉雅粉盐,肉桂粉,肉蔻粉（nutmeg）,姜黄粉（turmeric）或姜粉或鲜姜末,丁香粉（cloves）,原味希腊酸奶或酸奶或开菲尔酸奶（室温）,熟南瓜泥,熟透皮带黑点的香蕉,大号鸡蛋（室温）,蜂蜜或枫糖浆,椰子油或其他油,香草精
普通面粉,鸡蛋,水,酵母,橄榄油,白砂糖,盐,披萨酱,鸡胸肉,水果黄瓜,迷你胡萝卜,黑胡椒酱,马苏里拉奶酪芝士碎,披萨草,食用油
高筋面粉,酵母（低糖型）,细砂糖,食盐,全蛋液,牛奶,室温水,胡萝卜蓉,无盐黄油,刷面牛奶
白土司,火腿片,芝士片,鸡蛋
鸡蛋,培根,黄油
蓝莓,白砂糖,柠檬
法棍片,蒜,盐,橄榄油或黄油,葱花或法香
消化饼干,无盐黄油,牛奶,奶油奶酪,细砂糖,牛奶,玉米淀粉,鸡蛋(中型尺寸),香草精,无糖可可粉
藜麦,鸡胸肉,西兰花,鸡蛋,柠檬,番茄,自制油醋汁
鸡蛋,牛奶,味啉,盐
中筋面粉,可可粉,淡奶油,牛奶,全蛋液,白砂糖,盐,酵母,黑巧克力碎,耐烤黑巧克力豆
金像高粉,酵母,黑啤酒,奶粉,黄油,鸡蛋液,白砂糖,盐,蔓越莓干
香蕉,燕麦片,鸡蛋
干面包,大鸡蛋,牛奶,盐,黑胡椒,鸡肉,牛油果,洋葱,火腿,什锦蔬菜,小香葱,芝士丝
想吃又坚持减脂的心,肉,果蔬,调味
切片面包,芝士片,火腿,鸡蛋,水
牛肉,葱,八角,桂皮,姜,黄油,盐,酱油,糖,芝麻,五香粉
核桃,红糖,肉桂粉,香草精,酸奶,椰子油或草饲无盐黄油（液体固体都可以）,全麦粉,无铝泡打粉,小苏打粉,肉桂粉,细海盐或喜马拉雅粉盐,酸奶或开菲尔酸奶（室温）,大号鸡蛋（室温）,蜂蜜,椰子油（融化的）,香草精
全麦土司,奶酪切片,鸡蛋,玉米粒
面粉,香甜玉米粒,牛奶,鸡蛋,糖,水
杏仁粉,无铝泡打粉,大号鸡蛋（室温,冷藏都可以）,椰子油或草饲无盐黄油（室温固体状）,原蜜或液体蜂蜜,细的海盐,香草精,杏仁片或椰子片,椰丝
准备天然酵种,活跃酵种,高粉,全麦粉,水,主面团,高粉,全麦粉,水,细海盐,干酵母粉,天然酵种
烤肠,土司,蛋,番茄,茄汁黄豆,血肠,黄油,牛奶,口蘑,白葡萄酒
高粉,盐,酵母,水,黄油,碱水比例1:40
鸡蛋,牛奶/豆漿,果乾,堅果,黄油/植物油,盐,低筋面粉,砂糖,酵母
鸡蛋,白糖,火龙果汁,牛奶,低筋,高筋,黄油
羽衣甘蓝,番茄,每日坚果,橄榄油,柠檬汁,蜂蜜,第戎芥末酱,盐,黑胡椒粉
低粉,可可粉,泡打粉,牛奶/椰奶,鸡蛋,黄油,砂糖
高筋面粉,全麦面粉,海盐,蜂蜜（调味可不加）,牛奶或水,燕麦片,酵母
高筋面粉,全麦粉,即食燕麦片（jumbo rolled oats）,酵母粉,盐,天然黑糖蜜（blackstrap molasses）,蜂蜜,无盐黄油或橄榄油,鸡蛋,水,核桃（切中等大小粒）,亚麻籽,芝麻（黑的白的都行）,葵花籽,南瓜籽,蔓越莓干,杏干（切小块）,苦甜巧克力豆,即食燕麦片
熟透的皮布满黑点的香蕉,大号鸡蛋（室温）,椰子油（融化的）,无糖椰子奶或全脂牛奶（室温）,白醋,全麦粉,椰子粉（coconut flour）,无铝泡打粉,小苏打粉,小豆蔻粉（cardamom）（没有可省略）,细海盐或喜马拉雅粉盐,无糖椰子片（coconut flakes）,熟紫米饭（或其他剩米饭）,无糖椰丝,粗红糖粒（选用但绝对点睛）
高筋面粉,速溶咖啡粉,砂糖,牛奶/水,酵母,盐,耐高温巧克力豆,大块核桃碎,黄油,-欧克皮-,低筋面粉,高筋面粉,盐,黄油,水,泡打粉
面粉,水,高筋粉,低筋粉,细砂糖,盐,酵母,水,黄油,蛋液,蛋液（刷表面）,白芝麻（表面装饰）
番茄豆子罐头,法兰克福香肠,鸡蛋,切片面包,盐,黑胡椒
面粉,卷心菜,青椒,胡萝卜,水
爱,坚持
T65面粉,水,盐,干酵母
牛油果,切片面包,新鲜柠檬汁,盐,黄瓜,新鲜薄荷叶,新鲜莳萝
吐司,黄油,车打芝士片,马苏里拉芝士,植物油
全麦粉,未漂白中筋面粉,无铝泡打粉,小苏打粉,细的海盐,草饲无盐黄油（室温软化状态）,红糖或椰花糖,大号鸡蛋（室温）,香草精,无糖酸奶（室温）,冷冻蓝莓或黑麦或草莓或其他莓类或果干,红糖（撒在表面用）
准备天然酵种,活跃酵种,高粉,全麦粉,水,主面团,高筋面粉,全麦粉,水,细海盐,酵母粉,天然酵种
土司,鸡蛋,盐,黑胡椒,番茄酱,油
高筋面粉,水,细海盐,酵母粉
白藜麦,三文鱼,牛油果,芦笋（或豌豆,青豆）,白葡萄酒醋,橄榄油or葡萄籽油,蜂蜜,细姜丝,柠檬,黑胡椒,盐,甜椒粉
全麦粉,盐,牛奶或酪奶或酸奶或豆浆（冷藏或室温都可以）,葡萄干,高筋面粉,酵母粉,牛奶或酪奶或酸奶或豆浆（70华氏度/21摄氏度）,鸡蛋液（室温）,浸泡部分,biga酵头,全麦粉,盐,酵母粉,蜂蜜或红糖或龙舌兰糖浆或白砂糖,融化的无盐黄油或橄榄油或植物油或椰子油（如果天气冷，最好是温热一些的）,肉桂粉,肉桂粉,红糖或白砂糖
鸡蛋,盐,水,黑麦粉
钢切燕麦（steel-cut oats）或即食燕麦片,水或牛奶或杏仁奶,葡萄干,肉桂粉,椰子油或黄油,香草精,红糖或蜂蜜或椰花糖或枫糖浆
鸡蛋,细砂糖,玉米油,水,低筋面粉,抹茶粉（若竹）,开水,淡奶油（馅儿料）,细砂糖（馅儿料）,蜜红豆（馅儿料）
面粉,面条,酵母,盐，糖,牛奶
面粉,鸡蛋,牛奶,黄油,糖
鸡蛋,糖,盐,植物油,乳清,低筋面粉,香草精/柠檬汁
葡萄干,热水,高筋面粉,盐,无盐黄油（室温软化）,白砂糖,酵母粉,肉桂粉,小号鸡蛋,水,无盐黄油（冷藏的，平均切成4小块）,无盐黄油（融化的）
低粉,牛奶,鸡蛋,细砂糖,玉米油,柠檬汁,盐,黑加仑
准备天然酵种,活跃酵种,高粉,全麦粉,水,主面团,高粉,全麦粉,白黑麦粉,水,细海盐,干酵母粉,天然酵种
高筋面粉,液体,其他辅料
鸡蛋,牛奶,砂糖,香草精,面包边
椰奶酱汁,椰奶,糖,淀粉,盐,糖粒
低筋面糊,玉米油,牛奶,白砂糖,鸡蛋
低筋粉,泡打粉,蟹棒,胡萝卜（可无）,香葱,奶酪,盐,油,牛奶,鸡蛋
老式燕麦,混合坚果,葵花籽,南瓜籽,椰蓉,椰子油,蜂蜜,希腊酸奶,蜂蜜,香草精,浆果或各种水果
面粉,牛奶,鸡蛋,糖,黄油／红酒,泡打粉
培根,吐司,鸡蛋,黄油
燕麦,杏仁奶,香蕉,肉桂粉,椰子糖
中筋面粉（蒸馒头用的普通面粉）,细砂糖,无铝健康泡打粉,食盐,无盐黄油（室温软化到很软）,全脂牛奶,鸡蛋,香葱切碎,肉松
举个栗子：,格兰诺拉燕麦片,蓝莓,酸奶,小番茄,混合沙拉菜,法棍,口蘑,鸡蛋,青葡萄,干枣,淡奶油,柠檬,海盐,黑胡椒,橄榄油,青汁粉,水
小紫薯,免煮燕麦,牛奶,蜂蜜
高筋面粉,蜂蜜,黄油,酵母,冷藏牛奶,盐,冷藏蛋白
鸡蛋（全蛋液）,低粉,无铝泡打粉,细砂糖,牛奶,无花果,蓝莓
紫薯,无盐或有盐黄油都行（室温软化）,白糖或红糖,盐,香草精,泡打粉,大号鸡蛋（室温）,中筋面粉,牛奶（室温）,糖粒
熟透的香蕉（室温）,酪奶（室温）,香草精,中筋面粉或低筋面粉,小苏打粉,泡打粉,可可粉,开水,无盐黄油（室温软化）,白砂糖,大号鸡蛋（室温）
全麦饼干（80g）,黄油（40g）,南瓜皮（50g）,油,南瓜肉（200g）,酸奶（100g）,鲜奶油（200ml）,奶油奶酪（250g）,细砂糖（100g）,全蛋液（100g）
厚吐司,黄油,白砂糖
梅干菜饼或全麦饼,夹心,芝士,黑胡椒,盐（可不加因为饼咸）,菠菜或其他绿叶菜,鸡蛋
水浸金枪鱼罐头,小葱,酸黄瓜或酸豆capers（见贴士1）,酸奶或牛奶,大蒜粉,莳萝粉（dill）（可省略）,海盐和黑胡椒,橄榄油,白醋,第戎黄芥末酱（Dijon）,整粒的黄芥末酱（whole grain mustard）(可省略),蜂蜜或红糖,盐和黑胡椒,新鲜生菜叶或其他绿叶菜,草莓,浸泡过的杏仁（见贴士2）或烤杏仁,牛油果
披萨饼底材料：,高筋面粉,水,细砂糖,盐,黄油,酵母粉,披萨馅料：,草莓,火龙果,小台芒,菠萝,马苏里拉奶酪,沙拉酱
中筋面粉,牛奶,全蛋液,融化黄油,酵母,细砂糖,盐,抹茶粉,红曲粉
钢切燕麦,水,牛奶,红心火龙果,冻香蕉,其他水果,甜味剂
全麦粉（推荐不带麸皮的）,即食燕麦片（普通的那种需要搅碎）,亚麻籽粉（没有可用全麦粉代替）,泡打粉,小苏打,肉桂粉,盐,低脂牛奶,酸奶,融化黄油或椰子油,蜂蜜,熟透的香蕉,大号鸡蛋
马苏里拉奶酪,火腿片,土司两片,黄油
鸡蛋,浅色蔬菜,深绿蔬菜,花色蔬菜,各类肉肉,香草,蒜瓣,调料,芝士
芒果,大虾,小番茄,生菜,橄榄油,白葡萄酒醋or鱼露,柠檬汁,罗勒碎or西芹碎,糖,黑胡椒,小红椒
高筋面粉,糖,酵母,盐,淡奶油,水,黄油,全蛋液,香菜,沙拉酱,芝士碎,盐
准备天然酵种,活跃酵种,高粉,全麦粉,水,主面团,高粉,全麦粉,黑麦粉,水,细海盐,天然酵种
高筋面粉（汤种）,牛奶（汤种）,高筋面粉,低筋面粉,奶粉,淡奶油,牛奶,绵白糖,黄油,酵母,全蛋液,盐,高粉和椰蓉
鸡蛋,番茄酱,米饭,豌豆粒,虾仁,胡萝卜,盐,油
鸡蛋,盐,磨碎的格鲁耶尔干酪（其他芝士粉,奶粉也行）
低筋面粉,全麦面粉,黄油,红糖,香蕉,牛奶,泡打粉,*表面装饰,香蕉干,鸡蛋液
蛋黄,蛋白（冷藏温度）,白砂糖（蛋黄用）,白砂糖（蛋白用）,特浓咖啡,可可粉,玉米油,朗姆酒,低筋面粉,柠檬汁,黄油（室温）,奶油奶酪（室温）,淡奶油（室温）,糖
钢切燕麦,水,牛奶,香蕉,可可粉,其他水果,肉桂,甜味剂
培根片,生菜球,酸黄瓜,法棍,低脂高纤芝士片,洋葱,番茄,千岛酱
新鲜蘑菇,洋葱,黄油,盐,现磨黑胡椒,伍斯特郡醬汁（Worcester sauce）或生抽
鸡蛋,面粉,白砂糖,盐,牛奶,无花果
低粉,黄油,糖粉,蛋黄,黄油,鸡蛋,糖粉,椰蓉,椰浆
无盐黄油 unsalted butter,蛋黄 egg yolks,柠檬汁 lemon juice,水 warm water,盐 salt,黑胡椒 black pepper,辣椒粉 cayenne pepper,英式松饼 English muffin,火腿 ham,水波蛋 poached egg
土豆丝,胡萝卜丝,鸡蛋,芝士,小葱
鸡蛋,牛奶,蜂蜜,吐司
吐司（剩面包）,鸡蛋,香蕉,椰浆,葡萄干,椰蓉
牛油果,牛奶,酸奶
高筋面粉,低筋面粉,奶粉,鸡蛋,酵母,盐,糖,牛奶,黄油
喜欢吃的各种,水果,中式主食,西式主食
低筋面粉,黄油,细砂糖,可可粉,泡打粉,牛奶,巧克力豆（白巧黑巧均可）
高筋面粉,低筋面粉,鸡蛋,水,细砂糖,盐,黄油,酵母
低粉,黑芝麻酱,牛奶,泡打粉,鸡蛋
高筋面粉,黑麦粉,酵母,水,盐
燕麦粒,水,牛奶,南瓜泥,糖,肉桂粉
鸡蛋,低筋面粉,牛奶,融化的黄油（或玉米油）,细砂糖
高筋面粉,玉米面,酵母粉,食盐,水,无盐黄油（软化）
吐司,肉松,沙拉酱,鸡蛋,盐
酵头,水,黑麦粉（中等粗细程度 medium-fine）,高筋面粉,细盐
高筋面粉,鸡蛋,酵母粉,盐,白砂糖,抹茶,牛奶,黄油
土豆泥,低筋面粉,鸡蛋,黄油,牛奶,泡打粉,盐
吐司,各种酱,各种水果,各种蔬菜
苹果,西芹,核桃,葡萄干,柠檬,橄榄油,酸奶或蛋黄酱
中粉,牛奶,小苏打,柠檬
鸡蛋,牛奶,黄油,黑胡椒,牛油果
草莓,苦苣,芝麻菜,香肠（或培根）,橄榄油,醋,蜂蜜
牛油果,油菜,鸡蛋,salsa,蘑菇,Cheese,盐
准备天然酵种,活跃酵种,高筋面粉,全麦粉,水,主面团,高筋面粉,水,细海盐,酵母粉,小麦胚芽,小麦麸皮,天然酵种
米饭,拌面汁,可容芝士,鸡蛋,熟芝麻,葱
高筋面粉,芝士粉,酵母,糖,盐,水,黄油,芝士片/马苏里拉
高筋面粉,中筋面粉,酵母粉,盐,水,无盐黄油
鸡蛋 egg,喜欢的蔬菜,喜欢的熟肉,盐 salt
去边吐司,芝士片,火腿片/火腿肠,果酱,面包屑,鸡蛋液,黄油
酵头,高粉,鸡蛋,牛奶,酵母,主面团,高粉,奶粉,白砂糖,盐,酵母,南瓜泥,黄油
刚切燕麦,藜麦,莓子类水果,香蕉,无糖椰子片,鸡蛋,无糖豆奶,肉桂粉,盐,香草膏（vanilla paste）,蛋白粉,枫糖浆
麦片,果糖/蜂蜜/糖浆,食用油/黄油
苹果,吐司,蜂蜜
米,紫薯
面包,黄油,芝士片
土豆丝,鸡蛋,盐和胡椒和糖,红色水果椒,火腿肉丁,洋葱,黄油/葵花籽油,不沾烤盘,切达奶酪丝
韩式麻薯糕点预拌粉,牛奶,鸡蛋,黄油,盐,芝麻核桃粉（可不加）,白砂糖
高筋面粉,红心火龙果汁,酵母,细砂糖,盐,无盐黄油,水,细砂糖
土司,鸡蛋,各种水果,各种抹酱,芝士片,沙拉酱
低筋面粉,鸡蛋（中号）,牛奶,细砂糖,黄油,泡打粉,混合莓果（我用的是冷冻的树莓,蔓越莓）,糖粉
肉眼牛排,黑胡椒粒,大蒜粉,胡萝卜,西兰花,橄榄油,黑胡椒粒,海盐,番茄
马铃薯,鸡蛋,肉末,洋葱,胡萝卜,芹菜,盐,黑胡椒
高筋面粉,黄油,牛奶,细砂糖,鸡蛋,盐,奶粉,酵母,南瓜泥,馅料,紫薯泥,炼乳
汉堡胚,猪肉馅,菠萝,生菜,西红柿,洋葱,芝士片,沙拉酱,新鲜菠萝汁,生抽酱油,老抽酱油,黄金砂糖,蒜,香油,淀粉
吐司,樱桃酱（其他果酱也可以）,巧克力,薄荷叶
准备天然酵种,活跃酵种,高粉,全麦粉,水,主面团,高粉,全麦粉,粗黑麦粉,水,细海盐,干酵母粉,天然酵种
樱桃番茄（或圣女果）,鸡蛋（小）,Feta芝士,意大利什香草,橄榄油,海盐,手磨黑胡椒,欧芹碎
紫薯,椰浆,牛奶,糖,坚果,水果,酸奶
土司,鸡蛋,奶酪
【汤种】,高筋面粉,矿泉水,【面包用料】,高筋面粉,盐,糖,酵母,鸡蛋2个,水,黄油
坚持,用心,必要的营养知识
鸡蛋,酸奶,糖,自发粉,巧克力酱,香蕉
高筋面粉,蛋糕粉,砂糖,牛奶蛋液(一只鸡蛋液+牛奶）,盐,无盐黄油,酵母,抹茶,可可粉
高粉,蛋液,奶粉,菠菜汁,细砂糖,黄油,酵母,盐,菠菜汁材料,菠菜,水,椰蓉馅材料,椰蓉,炼乳,黄油,细砂糖
鸡胸肉,脆黄瓜,西芹茎,鹰嘴豆,青酱,柠檬汁,海盐,胡椒
甜菜根,水,中筋面粉,椰子油或橄榄油或黄油,盐,白砂糖,干酵母粉
中筋面粉,泡打粉,盐,白砂糖或极细砂糖,无盐黄油（室温软化）,去核椰枣（dates）（又名波斯枣,伊拉克枣）或葡萄干或阿胶枣,金丝枣等甜软枣类,大号鸡蛋（冷藏）,全脂牛奶（冷藏）,酸奶（冷藏）,抹表面用蛋液,草莓或其他莓子类果酱,cream chantilly(见贴士2)
酵种,高筋面粉,水,高筋面粉,全麦粉,水,盐,固体酵头,酵母粉,葡萄,核桃（大粒）,新鲜迷迭香（选用）,橄榄油（和迷迭香搭配在一起）
黄油,鸡蛋,细砂糖,低筋面粉,泡打粉,柠檬,罂粟籽,水,砂糖,朗姆酒
面团部分,全脂牛奶,干酵母粉,白砂糖,中筋面粉,大号鸡蛋,无盐黄油（融化的）,盐,中等鸡蛋,樱桃馅部分,鲜樱桃,白砂糖,表面酥糖部分,无盐黄油（冷藏的硬块状）,白砂糖,中筋面粉
嫩豆腐（南豆腐，内酯豆腐）,香菇,面粉,盐,黑胡椒粉
草莓,蓝莓,果酱,内酯豆腐,椰丝,糖粉,薄荷
鸡蛋,培根,吐司,牛奶,黄油,蜂蜜,黑胡椒碎,盐
吐司,芒果酱,蓝莓,圣女果,草莓酱
刚切燕麦,牛奶,果蔬粉,食用色素,水果,坚果
鸡蛋,牛奶,全麦吐司
千层酥皮,奶油芝士,砂糖,香草香精,草莓,蓝莓
香蕉,鸡蛋,牛奶,低筋面粉,草莓,蓝莓,香蕉,酸奶,巧克力酱,[圆圆胖饭团],金枪鱼罐头,沙拉酱,米饭,火腿片,牛油果,紫菜,[鸡蛋吐司杯],吐司,鸡蛋,培根丁,蔬菜丁,马苏里拉芝士,[白玫瑰煎饺],猪肉糜,鸡蛋,葱
传统燕麦片,水,意大利青酱,牛油果,火腿,鸡蛋,盐和胡椒,红辣椒粉,帕玛森或切达碎芝士,减脂蛋黄酱,第戎芥末酱,新鲜柠檬汁,无盐黄油,盐,红辣椒粉
全麦吐司,鸡蛋,番茄酱,芝士片,青豆玉米粒,红椒,生菜,其他蔬菜或火腿培根等
土司面包片,黄油,粗砂糖,炼乳
传统燕麦片,酸奶,果仁,水果
通心粉,牛油果,白洋葱,卤牛肉,橄榄油,现磨黑胡椒碎,现磨海盐,甜椒粉,帕玛森芝士粉 ,巴萨米克醋,热水,第戎芥末酱,蒜瓣,蜂蜜,盐,黑胡椒粉,橄榄油
啤梨或其他喜欢的梨,鸡蛋,黄油,牛奶,低粉,奶粉,糖粉,香草精,柠檬汁,杏仁片
椰子油,低筋面粉,细砂糖,牛奶,柠檬,泡打粉,鸡蛋液（刷表面用，可省）
鸡蛋,洋葱,蘑菇,黄油,盐和胡椒,番茄酱，或者生抽，辣酱
豆子，米等等,牛奶，水等等
贝果,鸡蛋,肉类,各种蔬菜,各种水果,各类根茎植物泥,芝士片
高筋面粉,白砂糖,盐,干酵母,无盐黄油,水,吞拿鱼罐头,黑胡椒,鸡蛋液,芝士片
低筋面粉,泡打粉,小苏打,可可粉,细砂糖,盐,椰子油,椰奶（或豆奶）,*装饰材料,糖粉
中或大号牛油果,鸡蛋,白吐司,盐和黑胡椒,橄榄油
高筋面粉,酵母粉（用低糖型别用耐高糖型）,奶粉,食盐,蜂蜜,水,无盐黄油（软化）,火腿切丁（什么火腿啊香肠啊都可以）,橙色切达奶酪（或者其他你喜欢的奶酪）,刷面牛奶
鸡蛋,蔬菜,肉,披萨面团,cookie面团,布朗尼面团,吐司切片,火腿,芝士,调味料
糯米粉,全蛋液,自制无糖酸奶,细砂糖,盐,泡打粉,香葱叶碎,烤香白芝麻,植物油
燕麦/oat/granola,冷冻蓝莓桑葚树莓,冷冻芒果香蕉木瓜,坚果碎,可可碎,花生酱,牛奶/豆奶/水
生南瓜籽,粗玉米渣（coarse polenta or cornmeal）,开水,玉米油或橄榄油,新鲜迷迭香（切碎）,一份Tartine Bread基础乡村欧包面团
低脂牛奶,椰子汁,奶粉,甜炼乳,全脂酸奶,椰蓉/椰丝
第一次酵种喂养,活跃的酵种,高粉,全麦粉,水,第二次酵种喂养,第一次喂养后的酵种,高粉,全麦粉,水,主面团,高粉,全麦粉,水,细海盐,干酵母粉,两次喂养后的天然酵种
中筋面粉（普通面粉）,热水,水,鸡腿去骨,青瓜,生菜,新奥尔良腌料,沙拉酱,甜面酱
卡仕达馅布丁,白砂糖,中筋面粉,盐,大号鸡蛋蛋黄（冷藏或室温无碍）,全脂牛奶（冷藏或室温无碍）,香草精,黄油（有盐，无盐都可以）（冷藏或室温无碍）,蛋白霜,白砂糖,香草精,塔塔粉（选用）,大号鸡蛋蛋清（冷藏或室温无碍）,香蕉
香蕉,草莓果酱（各种果酱均可）,藜麦（熟）,生燕麦,脱脂牛奶/椰奶,蜂蜜,苹果,香草精,肉桂粉
酥皮顶材料,白糖,黄油,中筋面粉,肉桂粉,玛芬材料,鸡蛋,苹果,无味植物油,糖,牛奶,酸奶,香草精,低粉,苏打粉,泡打粉,盐,肉桂粉
藜麦,燕麦,海盐,葡萄干,肉桂,新鲜水果
低筋面粉,黄油,全蛋液,牛奶,细砂糖,泡打粉,盐,咸鸭蛋黄,肉松,沙拉酱,蛋液（刷表面）
中筋面粉,无铝泡打粉,小苏打粉,细海盐,无盐黄油（冷藏的）,100%水粉比的天然酵种（冷藏的）（见贴士1）,酪奶（buttermilk见贴士2）或酸奶
鸡蛋 egg,蛋液 beaten egg,牛肉末 ground beef,盐 salt,黑胡椒 black pepper,葱花 scallion,芝士 cheddar cheese,面粉 flour,面包糠 breadcrumbs
早睡早起,健康生活
低筋面粉（过筛）,鲜鸡蛋（常温）,细砂糖,牛奶（常温）,无盐黄油（融化）,盐
土豆,鸡蛋,洋葱,黑胡椒,盐,料酒
三文鱼,羽衣甘蓝,橄榄油,盐,黑胡椒
蛋糕体:,低粉,细砂糖,黄油,鸡蛋,泡打粉,奶油奶酪,百香果,杏仁片,表面糖浆:,细砂糖,水
蛋黄,细砂糖（蛋黄用）,盐,植物油,室水,低粉,抹茶溶液,蛋白,细砂糖（蛋白用）,柠檬汁,无盐黄油,糖粉,鲜奶（室温）,浓稠型酸奶（室温）
钢切燕麦,水,牛奶,香蕉,甜柿
香蕉,苹果,梨子,牛油果,绿叶蔬菜,多水蔬菜,香料,抹茶粉,樱桃,红心火龙果,紫葡萄,黑布林,覆盆子,草莓,血橙,橙子,橘子,木瓜,香蕉,火龙果,椰子,牛油果,苹果,青柠,柠檬,苹果醋
生燕麦,泡打粉,无糖酸奶,香蕉,鸡蛋,香草精,蓝莓
吐司,芝士片,花生酱,鸡蛋,牛奶,砂糖,推荐肉类搭配,推荐蔬菜搭配,推荐水果搭配,其他类,蜂蜜,有盐黄油
土豆泥,普通中筋面粉,鸡蛋,黄油/橄榄油/椰子油,泡打粉,牛奶,盐,黑胡椒粉,土豆泥,牛奶,盐,蛋黄酱/沙拉酱,蔬菜粒（豌豆/玉米/胡萝卜等）
希腊酸奶,奇亚籽
美好心情,新鮮食材
绢豆腐（嫩豆腐）,细砂糖,蛋黄,玉米油,低筋面粉,蛋白,细砂糖,內馅,淡奶油,焦糖酱,香蕉
鸡蛋,牛奶,奶酪,黑胡椒,盐
全麦面粉,高筋面粉,糖,水,奶粉,酵母,盐,黄油
熟虾仁,鸡蛋,胡萝卜丝,青瓜丝,橄榄油,番茄酱,黑胡椒
土司片+,玉米粒+,青椒丁或黄瓜丁+,盐+,香菇+,奶酪+,番茄酱+
墨西哥卷饼,鸡胸肉,盐,现磨黑胡椒,红椒粉（paprika）,或 （孜然,蒜泥,罗勒,迷迭香）,煮熟的鹰嘴豆,盐,黑胡椒,柠檬汁（可省）,水,黄瓜（或生菜）,番茄,紫洋葱，胡萝卜,（啤梨,李子或牛油果）,坚果碎,布里奶酪,甜玉米粒
羽衣甘蓝 或 菠菜,牛奶,面粉,黄油,糖,希腊酸奶,或 奶油,糖,蓝莓,红加仑,芒果,蜜红豆,草莓,蔓越莓,大小不一的圆形烘焙纸
活跃的酵种,50/50面粉（见贴士1）,水,酵头,水,semolina粉,中筋面粉或高筋面粉,小茴香籽（fennel seeds）,白芝麻,细海盐,小茴香籽和白芝麻和罂粟籽（poppy seeds）
汉堡肉饼材料,鹰嘴豆,即食燕麦,洋葱,胡萝卜,香菜碎,红酒醋,亨氏喼汁,原味花生酱,海盐,黑胡椒,大蒜粉,小茴香,其余食材,汉堡胚,洋葱,蔬菜,沙拉酱/番茄酱
低筋面粉,泡打粉,盐,大号鸡蛋,细砂糖,牛奶
高筋面粉,酵母,盐,鸡蛋,蜂蜜,牛奶(或只放牛奶170克),奶油,黄油,火腿肠(图为一条),培根,洋葱,帕马森芝士(可选)
土豆,鸡蛋,金枪鱼,胡萝卜,咖喱粉,鱼露,蚝油,海盐,椰子粉,黑胡椒粉,燕麦片或weetbix碎,芒果甜辣酱,芒果,柠檬,辣酱,香菜,海盐
大米,坚果燕麦片,鲜酱油
土司片,鸡蛋,油
糖,酵母,奶粉,全蛋,水,老面,高粉,黄油,盐,此配方约8个牛角包的量
低粉,鸡蛋+奶油/牛奶,黄油,白糖,酵母,盐,65%巧克力
鸡蛋,椰子粉,淀粉,泡打粉,椰奶,蜂蜜,糖,椰子油
Mozzarella水牛芝士,番茄,罗勒叶,青酱,松仁,Parmeson 帕玛森芝士碎
主面团,高筋面粉,全麦粉,盐,白砂糖,即时酵母粉,橄榄油,水,小麦麸皮（做吐司时选用撒在表面，做猴子包不需要用）,馅料部分,无盐黄油（融化的）,白砂糖,肉桂粉,熟透的香蕉,红糖,香草精
熟栗子仁 （基础栗子泥）,淡奶油（基础栗子泥）,细砂糖（基础栗子泥）,淡奶油（内馅儿）,细砂糖（内馅儿）,基础栗子泥（内馅儿）,蛋白（蛋糕卷）,细砂糖（蛋糕卷）,蛋黄（蛋糕卷）,牛奶（蛋糕卷）,油（蛋糕卷）,低粉（蛋糕卷）,过筛的基础栗子泥（Topping）,软化黄油（Topping）,朗姆酒（Topping）,整颗熟栗子仁（Topping）
芒果（熟透）,小番茄,香菜,红甜椒,青辣椒,柠檬汁（或白醋）,糖,黑胡椒,盐
吐司,奶油奶酪（含糖型）,无盐黄油,苹果,细砂糖,柠檬汁,肉桂粉
吐司,圣女果,提子,葡萄,黄圣女果,面条
橄榄油,切碎的培根,菠菜叶 （不要茎）,中号的鸡蛋,鲜牛奶,淡奶油,意大利乳清干酪Ricotta,海盐,现磨黑胡椒
椰子粉/全麦粉/燕麦粉/糙米粉/玉米粉,玉米/土豆淀粉,亚麻籽粉/奇亚籽,泡打粉（必须）,杏仁奶/腰果奶/椰奶/豆浆/水,香蕉泥/苹果泥,枫糖浆,蓝莓/樱桃/树莓/草莓等浆果类
鸡蛋,醋,盐,水
鸡蛋,面包
紫米,牛奶,巧克力酱
高筋面粉,水,橄榄油,糖,盐,酵母
土豆,紫薯,番薯,绿豆,红豆,鹰嘴豆,花菜,椰浆,牛奶,奶油,糖,盐,肉桂粉,辣粉
鸡蛋
越南鱼露,小青柠,香茅草,罗勒,薄荷,椰浆，咖喱,小米辣
吐司,沙拉酱,鸡蛋,芝士片,圆生菜,火腿片（方火腿最好看）,肉松,熟玉米粒或熟豌豆粒
千层酥皮,菠菜,火腿,马苏里拉芝士碎,牛奶,面包糠,黑胡椒,盐,小葱,蒜泥,马苏里拉芝士条,蛋液,白芝麻
干的鹰嘴豆,芝麻酱,孜然粉,大蒜,橄榄油,煮鹰嘴豆的水（或者纯净水）,盐,柠檬
菠菜,鸡蛋,三文鱼,希腊酸奶（无糖）,黑胡椒粉,盐,橄榄油
水,干酵母,盐,高筋面粉,高筋面粉,南瓜泥,水,全蛋液,干酵母,细砂糖,盐,黄油,蛋液,杏仁片,一个26*26厘米深烤盘或28厘米金盘
面粉,泡打粉,盐,糖,黄油,芝士（车打或帕玛森芝士）,火腿片,小葱,肉松,水或牛奶
高筋小麦粉,黄油,安琪酵母粉,全蛋液,盐,白砂糖,牛奶,白芝麻
白吐司,淡奶油,鸡蛋,香草精,黄油,蓝莓,红糖,柠檬汁
发芽谷物面粉（或其他任意面粉）,泡打粉,小苏打粉,盐,红糖（或蜂蜜）,白脱牛奶（buttermilk)（没有的话，下面讲如何替代）,大号鸡蛋,植物油（或融化的黄油）,香草精,红糖酥粒（可选用）
南瓜,全麦粉,中筋面粉,蜂蜜,酵母,盐,黄油
蛋白,蛋黄,牛奶（水也可以）,玉米油,低筋面粉,细砂糖,柠檬汁,安佳（Anchor）切达再制干酪 芝士片 原味,耐高温巧克力豆
玉米面,高筋面粉,盐,酵母,橄榄油,水
藜麦（生的）,燕麦,椰蓉,杏仁奶,鸡蛋●,奇亚籽▲,水▲,椰子油,泡打粉,香草精,肉桂粉,柠檬皮屑,橘子（或柑橘类）,蜂蜜或枫糖浆,奇亚籽
熟燕麦,酸奶,冻香蕉,熟紫薯,莓果,果仁
马苏里拉芝士,面粉,水,盐,糖,黄油,酵母,番茄酱,玉米粒,青椒,黑榄,油浸番,可达怡罗勒
米酒,酸奶,消化饼干,水果,果干（蔓越梅葡萄干等）,坚果,燕麦,薄荷/柠檬汁,果酱,红豆沙
高筋面粉,水,淡奶油,糖,盐,酵母,老面
自发粉,水或牛奶,盐,培根或火腿,洋葱,甜玉米粒,车打奶酪,现磨黑胡椒,鸡蛋,菠菜,橄榄油
橙子,破壁机打好的橙泥,蛋黄,白糖~蛋黄中,低筋面粉,玉米油,蛋白,白糖~蛋白中,柠檬汁或白醋醋。
低筋面粉,可可粉,75%黑巧克力（或其它黑巧）,无盐黄油,泡打粉,鸡蛋（除壳50g一个）,牛奶,香草精,细砂糖,海盐
全麦吐司,马铃薯,鸡蛋,红萝卜,黄瓜,沙拉酱
面包 （我用的是家里自制的）,鸡蛋,马铃薯 （我用的是new washed potatoes),包菜,胡萝卜,洋葱,mixed herbs,mayonnaise （我用日本的）,香肠,吞拿鱼
面粉,黑麦粉,燕麦,蛋黄,奶粉,酵母,椰蓉,黑芝麻,水
意大利面,西红柿,蒜,洋葱,豌豆,金枪鱼罐头,亨氏番茄酱,橄榄油,海盐,黑胡椒
法棍,奶油焦糖酱,海盐
无花果,鸡蛋,吐司,蔬菜水果适量,牛奶
香蕉,格兰诺拉麦片,大号鸡蛋,牛奶,盐,吐司,葡萄籽油,细砂糖,肉桂粉
面粉,酵母,抹茶粉,桂花,白糖
高筋面粉,水,酵母,细砂糖,盐,无盐黄油,无花果干,果蔬粉,水,细砂糖
成熟的香蕉,室温鸡蛋,糖粉,无盐黄油,低筋面粉,泡软的葡萄干，沥水
高筋粉,水,酵母,盐,黄油,烘焙碱,水
中筋面粉,全麦粉或玉米粉,泡打粉,盐,培根,椰子油或黄油,南瓜肉,鸡蛋（大号）,酸奶,生南瓜子
高筋粉,黄糖,盐,植物油,酒酿糊,黒芝麻,无铝泡打粉,蛋黄
厚吐司面包,黄油,鸡蛋,牛奶,淡奶油,黄砂糖 brown sugar,蔓越莓干或葡萄干,杏仁片,糖粉 icing sugar
高筋面粉,奶油,牛奶,鸡蛋液,糖,酵母,盐,抹茶
燕麦,各种坚果,混合香草,盐,橄榄油,黑胡椒等咸味调味粉,黑橄榄,大蒜粒/大蒜粉
水果,酸奶,坚果/种子/谷物,香料
思慕雪糊,装饰,思慕雪糊,装饰,思慕雪糊,装饰,思慕雪糊,装饰,思慕雪糊,装饰
无盐牛油,小麦粉（面粉）,鲜奶油（crème fraiche）,全脂牛奶,全熟片装火腿肉,emmental芝士碎,鸡蛋,盐
菠菜,口蘑,虾仁,鸡蛋,芝士,吐司,油 盐 黑胡椒
高筋面粉,全麦粉/黑麦粉,黑啤,干酵母,盐,黄油,煮贝果糖水:,白糖,水
中筋面粉,全麦面粉,白砂糖或红糖或椰花糖,泡打粉,肉桂粉,盐,无盐黄油（冷藏的）,苦甜巧克力豆（或切碎的）,大号鸡蛋,橙皮屑,鲜榨橙汁,鲜奶油,蛋黄
面粉,牛奶,鸡蛋,糖,黄油,年糕,枫糖浆,泡打粉,香草精华
无盐黄油（室温）,白砂糖,鸡蛋,香草精,中筋面粉,泡打粉,盐,牛奶或酪奶（buttermilk),新鲜草莓,表面酥糖粒,无盐黄油（冷冻）,中筋面粉,红糖,白砂糖
钢切燕麦粒,水,牛奶,香草荚,Chai Tea,香蕉,其他水果,亚麻籽粉,坚果,酸奶,蜂蜜
玉米,鸡肉,胡萝卜,洋葱,土豆,土豆,芹菜,牛奶,盐
牛油果,欧包,鸡蛋,吞拿鱼,牛奶,黑胡椒,橄榄油
高筋面粉（金象）,全麦面粉（bob’s red mill）,白砂糖,盐,干酵母,水,橄榄油,番茄,西葫芦,彩椒,芝士碎
鸡蛋,黄油,吐司片,番茄,起士片,培根,火腿片,醬油,鹽,因為本人不敢用灶火,所以都是用電磁爐完成😂,涼拌西蘭小花花,西蘭花,金蘭醬油,蔥末,蒜末,白糖,健康梅醋沙拉,彩椒,洋蔥,生菜,番茄,梅醋,洋蔥末,水,想加什麼另外加就好
切片面包,切片火腿,切片芝士,鸡蛋,黄芥末,蛋黄酱
鸡蛋,牛奶（水）,玉米油,美玫低筋小麦粉,白砂糖,柠檬汁（可不放）,可可粉,开水
沙拉菜,橄榄油,盐,胡椒粉,干果,柠檬汁,奶酪,蒜瓣
鸡蛋（室温）,牛奶（室温）,细砂糖,食盐,蒜泥,干欧芹碎（巴西里）,中筋面粉,酵母粉（低糖型）,无盐黄油（熔化）
对抗懒惰
各种水果,各种蔬菜,随意发挥
蛋黄糊,蛋黄,低筋面粉,玉米油,牛奶,全蛋,蛋白霜,蛋白,白砂糖,柠檬汁,夹馅,淡奶油,细砂糖,安慕希或其他酸奶,柠檬皮屑
黑麦粉,高筋面粉,干酵母,盐,椰浆,酸奶,蛋黄,椰蓉
紫薯,梨,鸡蛋,牛奶or养乐多,杏仁片，各类果干蜜饯
鸡蛋,鸡蛋
红富士苹果果肉,柠檬汁,冰糖,凉开水
低筋面粉,可可粉,泡打粉,鸡蛋,糖,植物油,红酒,熟透香蕉
菠菜汁,中筋面粉,酵母粉,盐,椰子油或橄榄油,豆沙饼：,红豆沙,黑芝麻
低筋面粉,抹茶粉,泡打粉,细砂糖,冷藏黄油,牛奶,盐渍樱花,水
葡萄干,胡荽籽（coriander seeds）,一份基础全麦欧包面团（做法见步骤1链接）
荞麦片,杏仁奶,酸豆奶（未调味）,蓝莓,石榴粒,龙舌兰糖浆,椰肉片
牛油果,吐司,黄油,罗勒,鸡蛋,坚果碎,盐,黑胡椒碎
无水面皮,高筋面粉,低筋面粉,糖,盐,泡打粉,酸奶,色拉油,内馅儿,芦笋,厚酸奶,无糖花生酱,蛋黄,蛋黄酱,芥末酱,盐,黑胡椒,欧芹
法棍,鸡蛋,牛奶,白糖,食用油
＃墨西哥风味啤酒鸡肉腌渍料,辣椒粉,蒜粉（可换成蒜茸）,洋葱粉（可换成洋葱泥）,孜然粉,现磨海盐,红糖,啤酒,＃卷料,酸奶油,鳄梨酱,salsa辣酱（pico de rado）,各色彩椒,白洋葱,卷皮,鸡胸肉
巧克力,花生酱,面包,花生碎,白味噌
牛奶 milk,糖 sugar,中筋面粉 all purpose flour,蛋黄 egg yolk,香草精 vanilla extract,无盐黄油 unsalted butter,可可粉/咖啡粉/抹茶粉,高筋面粉 bread flour,盐 salt,糖 sugar,酵母 yeast,温牛奶 warm milk,炼乳 condensed milk,鸡蛋 egg,无盐黄油 unsalted butter
吐司面包,色拉菠菜（或其他生菜）,小号鸡蛋,彩色小番茄,ricotta奶酪,盐和黑胡椒,罗勒
鸡蛋,牛奶,低筋粉,黑芝麻粉,泡打粉,植物油,红豆沙,香草冰淇淋
高筋面粉,鲜酵母,白砂糖,盐,无盐黄油,牛奶,全蛋液,肉桂粉,红糖,熟核桃仁,苹果,水,白砂糖,全蛋液,水,糖粉
牛油果（大, 500g）,椰枣,可可粉,黑巧克力,香蕉,榴莲,番荔枝,酸奶
全麦吐司,香蕉,花生酱,巧克力酱,奇亚籽
妙可蓝多酪鲜生芝士棒,妙可蓝多马苏里拉奶酪,妙可蓝多奶油芝士,速食玉米粉,水,盐,橄榄油,串番茄／树番茄,大蒜,黑胡椒,意大利香醋
鸡肉肠,鸡蛋,土豆,面包,橙子,香蕉,青椒,胡萝卜,牛奶,盐,黑胡椒
鳄梨,酸奶,蜂蜜or糖,切块的水果,坚果,果干
面包片,奶油白酱,火腿片,奶酪片
香蕉,无盐黄油,细砂糖,朗姆酒,糖粉
鱼胶粉,糖,热水,饼干底,酥性饼干,黄油,第二层黄色慕斯,芒果泥,酸奶,鱼胶粉,糖,热水,镜面,QQ糖,水
甜玉米粒,橄榄油,海盐,水,香叶,迷迭香,牛至草,百里香,细玉米面,橄榄油,蒜,北豆腐,白醋,亚麻籽粉,姜黄粉,海盐,小樱桃西红柿,橄榄油,蒜末,罗勒叶,海盐,黑胡椒粉
鸡蛋,香蕉,吐司,芝士（我用的swiss cheese片）,牛奶,装饰物
土耳其小麦米,大洋葱,青椒,大番茄,番茄酱,橄榄油,水或鸡汤
普通面粉,细砂糖,泡打粉,无盐黄油（冷藏）,全蛋液,牛奶（冷藏）,香葱（切成葱花）,云腿（1年新腿）（切成细小的丁或丝）,刷面蛋液（与上面全蛋液同属1只蛋）
鸡蛋,马苏里拉干酪碎,圣女果,口蘑,培根,水果玉米,小菠菜,青尖椒,盐,橄榄油
葡萄干,朗姆酒,高筋面粉,混合香料（见贴士1）,盐,无盐黄油（室温软化）,白砂糖,橙皮屑,酵母粉,大号鸡蛋,水（温热）,中筋面粉,橄榄油或植物油或葡萄籽油等液体,味小的油,水（室温）,水,白砂糖,橙皮屑,吉利丁粉
鸡蛋,白砂糖,低筋面粉,黄油,牛奶,自制浓稠酸奶,每颗美棘沙棘汁
牛油果,牛奶,青豆或豌豆
剩饭,鸡蛋,鰹鱼出汁（或浓汤宝,高汤,水均可）
全麦粉,高筋粉,酵母粉,亚麻籽,椰蓉,椰浆,水,蜂蜜,盐（面团）,海盐/粗粒盐（装饰）,烘焙碱,40度水
龙眼干,高筋面粉,黄豆粉,细砂糖,盐,水,黄油,酵母,蛋白（杏仁蛋白霜）,细砂糖（杏仁蛋白霜）,杏仁粉（杏仁蛋白霜）,盐（杏仁蛋白霜）
低筋面粉,可可粉,白砂糖,巧克力,无盐黄油,鸡蛋,奶油,柠檬汁,糖粉
鸡蛋,面粉,可可粉,肉桂粉,巧克力碎,泡打粉,小苏打,红糖/黑糖,咖啡粉,盐,玉米油,牛奶,任意坚果
鸡蛋,洋葱,青椒,新鲜香菇,西红柿,牛奶,色拉油,黑胡椒碎
低粉,黄油,糖粉,牛奶,低粉,黄油,糖粉,鸡蛋
水,无盐黄油,细砂糖,盐,中筋面粉,鸡蛋,植物油,54.5%黑巧克力,淡奶油,细砂糖,肉桂粉,裱花嘴,出品量
小号鸡蛋（室温）,中筋面粉或替换适量全麦粉,泡打粉,海盐,白砂糖或椰子糖,辣椒粉（选用）,任意奶酪,红洋葱,熟甜玉米粒,红甜椒,西葫芦,胡萝卜,新鲜或干欧芹,小红辣椒（选用）,橄榄,罂粟籽,橄榄油,全脂牛奶（室温）,小番茄,任意奶酪
新鲜水果,蛋白质,粗纤维，各样好好搭配
披萨饼底材料（两大个）,面粉,水,酵母,糖,盐,橄榄油/融化黄油,披萨表面材料,披萨酱,马苏里拉芝士,鸡蛋,芝麻叶
紫生菜及羽衣甘蓝,红苹果,红啤梨,坚果块,布里奶酪（或菲达奶酪块）,蔓越莓干,沙拉汁,苹果汁（我用了橙汁）,苹果醋（任何果醋均可）,蜂蜜,盐,黑胡椒,橄榄油
面粉,砂糖,可可粉,盐,泡打粉,鸡蛋,植物油,牛奶,香草精,红色食用色素,白醋,奶油芝士,砂糖,鸡蛋,香草精
西兰花,羽衣甘蓝,卷意大利香菜,鸡蛋,牛奶,燕麦片,全麦面粉,泡打粉
吐司
荞麦粒,核桃仁,青苹果,橙子,小豆蔻粉,香草精/香草粉,浆果,石榴,蜂花粉,可可碎粒,椰丝,坚果酱
高筋面粉,干酵母,水,植物油,糖,盐,番茄酱,马苏里拉芝士,玉米,洋葱,虾仁,圣女果,蒜片,牛至碎,芹菜
鸡蛋,低筋面粉,熟南瓜泥,牛奶,细砂糖,玉米油
牛油果,黄糖,牛奶,香蕉